t,open,high,low,close
1704067200,1.1,1.1002,1.0999,1.1001
1704067500,1.1001,1.1002,1.0998,1.0999
1704067800,1.0999,1.1,1.0996000000000001,1.0997000000000001
1704068100,1.0997000000000001,1.0999,1.0996000000000001,1.0998
1704068400,1.0998,1.1001,1.0997000000000001,1.1
1704068700,1.1,1.1003,1.0999,1.1002
1704069000,1.1002,1.1004,1.1001,1.1003
1704069300,1.1003,1.1004,1.1001,1.1002
1704069600,1.1002,1.1003,1.1,1.1001
1704069900,1.1001,1.1003,1.1,1.1002
1704070200,1.1002,1.1005,1.1001,1.1004
1704070500,1.1004,1.1005,1.1001,1.1002
1704070800,1.1002,1.1003,1.1,1.1001
1704071100,1.1001,1.1004,1.1,1.1003
1704071400,1.1003,1.1004,1.1,1.1001
1704071700,1.1001,1.1002,1.0998,1.0999
1704072000,1.0999,1.1,1.0996000000000001,1.0997000000000001
1704072300,1.0997000000000001,1.1,1.0996000000000001,1.0999
1704072600,1.0999,1.1002,1.0998,1.1001
1704072900,1.1001,1.1002,1.0998,1.0999
1704073200,1.0999,1.1002,1.0998,1.1001
1704073500,1.1001,1.1003,1.1,1.1002
1704073800,1.1002,1.1003,1.0999,1.1
1704074100,1.1,1.1001,1.0998,1.0999
1704074400,1.0999,1.1,1.0996000000000001,1.0997000000000001
1704074700,1.0997000000000001,1.0999,1.0996000000000001,1.0998
1704075000,1.0998,1.0999,1.0996000000000001,1.0997000000000001
1704075300,1.0997000000000001,1.0998,1.0995000000000001,1.0996000000000001
1704075600,1.0996000000000001,1.0998,1.0995000000000001,1.0997000000000001
1704075900,1.0997000000000001,1.0999,1.0996000000000001,1.0998
1704076200,1.0998,1.1,1.0997000000000001,1.0999
1704076500,1.0999,1.1001,1.0998,1.1
1704076800,1.1,1.1001,1.0997000000000001,1.0998
1704077100,1.0998,1.1001,1.0997000000000001,1.1
1704077400,1.1,1.1001,1.0998,1.0999
1704077700,1.0999,1.1002,1.0998,1.1001
1704078000,1.1001,1.1004,1.1,1.1003
1704078300,1.1003,1.1004,1.1001,1.1002
1704078600,1.1002,1.1003,1.1,1.1001
1704078900,1.1001,1.1002,1.0999,1.1
1704079200,1.1,1.1002,1.0999,1.1001
1704079500,1.1001,1.1002,1.0999,1.1
1704079800,1.1,1.1001,1.0997000000000001,1.0998
1704080100,1.0998,1.0999,1.0995000000000001,1.0996000000000001
1704080400,1.0996000000000001,1.0997000000000001,1.0993000000000002,1.0994000000000002
1704080700,1.0994000000000002,1.0997000000000001,1.0993000000000002,1.0996000000000001
1704081000,1.0996000000000001,1.0997000000000001,1.0993000000000002,1.0994000000000002
1704081300,1.0994000000000002,1.0996000000000001,1.0993000000000002,1.0995000000000001
1704081600,1.0995000000000001,1.0997000000000001,1.0994000000000002,1.0996000000000001
1704081900,1.0996000000000001,1.0998,1.0995000000000001,1.0997000000000001
1704082200,1.0997000000000001,1.0998,1.0994000000000002,1.0995000000000001
1704082500,1.0995000000000001,1.0997000000000001,1.0994000000000002,1.0996000000000001
1704082800,1.0996000000000001,1.0998,1.0995000000000001,1.0997000000000001
1704083100,1.0997000000000001,1.0999,1.0996000000000001,1.0998
1704083400,1.0998,1.1001,1.0997000000000001,1.1
1704083700,1.1,1.1001,1.0998,1.0999
1704084000,1.0999,1.1001,1.0998,1.1
1704084300,1.1,1.1001,1.0998,1.0999
1704084600,1.0999,1.1,1.0996000000000001,1.0997000000000001
1704084900,1.0997000000000001,1.0998,1.0994000000000002,1.0995000000000001
1704085200,1.0995000000000001,1.0998,1.0994000000000002,1.0997000000000001
1704085500,1.0997000000000001,1.0998,1.0995000000000001,1.0996000000000001
1704085800,1.0996000000000001,1.0998,1.0995000000000001,1.0997000000000001
1704086100,1.0997000000000001,1.0998,1.0995000000000001,1.0996000000000001
1704086400,1.0996000000000001,1.0997000000000001,1.0993000000000002,1.0994000000000002
1704086700,1.0994000000000002,1.0997000000000001,1.0993000000000002,1.0996000000000001
1704087000,1.0996000000000001,1.0997000000000001,1.0994000000000002,1.0995000000000001
1704087300,1.0995000000000001,1.0998,1.0994000000000002,1.0997000000000001
1704087600,1.0997000000000001,1.0998,1.0994000000000002,1.0995000000000001
1704087900,1.0995000000000001,1.0996000000000001,1.0992000000000002,1.0993000000000002
1704088200,1.0993000000000002,1.0996000000000001,1.0992000000000002,1.0995000000000001
1704088500,1.0995000000000001,1.0998,1.0994000000000002,1.0997000000000001
1704088800,1.0997000000000001,1.0998,1.0994000000000002,1.0995000000000001
1704089100,1.0995000000000001,1.0996000000000001,1.0993000000000002,1.0994000000000002
1704089400,1.0994000000000002,1.0995000000000001,1.0992000000000002,1.0993000000000002
1704089700,1.0993000000000002,1.0994000000000002,1.0990000000000002,1.0991000000000002
1704090000,1.0991000000000002,1.0992000000000002,1.0989000000000002,1.0990000000000002
1704090300,1.0990000000000002,1.0991000000000002,1.0987000000000002,1.0988000000000002
1704090600,1.0988000000000002,1.0991000000000002,1.0987000000000002,1.0990000000000002
1704090900,1.0990000000000002,1.0991000000000002,1.0987000000000002,1.0988000000000002
1704091200,1.0988000000000002,1.0990000000000002,1.0987000000000002,1.0989000000000002
1704091500,1.0989000000000002,1.0990000000000002,1.0986000000000002,1.0987000000000002
1704091800,1.0987000000000002,1.0990000000000002,1.0986000000000002,1.0989000000000002
1704092100,1.0989000000000002,1.0992000000000002,1.0988000000000002,1.0991000000000002
1704092400,1.0991000000000002,1.0992000000000002,1.0989000000000002,1.0990000000000002
1704092700,1.0990000000000002,1.0991000000000002,1.0987000000000002,1.0988000000000002
1704093000,1.0988000000000002,1.0989000000000002,1.0985000000000003,1.0986000000000002
1704093300,1.0986000000000002,1.0988000000000002,1.0985000000000003,1.0987000000000002
1704093600,1.0987000000000002,1.0990000000000002,1.0986000000000002,1.0989000000000002
1704093900,1.0989000000000002,1.0990000000000002,1.0987000000000002,1.0988000000000002
1704094200,1.0988000000000002,1.0991000000000002,1.0987000000000002,1.0990000000000002
1704094500,1.0990000000000002,1.0992000000000002,1.0989000000000002,1.0991000000000002
1704094800,1.0991000000000002,1.0992000000000002,1.0989000000000002,1.0990000000000002
1704095100,1.0990000000000002,1.0991000000000002,1.0987000000000002,1.0988000000000002
1704095400,1.0988000000000002,1.0989000000000002,1.0985000000000003,1.0986000000000002
1704095700,1.0986000000000002,1.0987000000000002,1.0984000000000003,1.0985000000000003
1704096000,1.0985000000000003,1.0986000000000002,1.0983000000000003,1.0984000000000003
1704096300,1.0984000000000003,1.0986000000000002,1.0983000000000003,1.0985000000000003
1704096600,1.0985000000000003,1.0986000000000002,1.0982000000000003,1.0983000000000003
1704096900,1.0983000000000003,1.0986000000000002,1.0982000000000003,1.0985000000000003
1704097200,1.0985000000000003,1.0986000000000002,1.0983000000000003,1.0984000000000003
1704097500,1.0984000000000003,1.0985000000000003,1.0981000000000003,1.0982000000000003
1704097800,1.0982000000000003,1.0985000000000003,1.0981000000000003,1.0984000000000003
1704098100,1.0984000000000003,1.0986000000000002,1.0983000000000003,1.0985000000000003
1704098400,1.0985000000000003,1.0988000000000002,1.0984000000000003,1.0987000000000002
1704098700,1.0987000000000002,1.0988000000000002,1.0985000000000003,1.0986000000000002
1704099000,1.0986000000000002,1.0989000000000002,1.0985000000000003,1.0988000000000002
1704099300,1.0988000000000002,1.0989000000000002,1.0985000000000003,1.0986000000000002
1704099600,1.0986000000000002,1.0987000000000002,1.0984000000000003,1.0985000000000003
1704099900,1.0985000000000003,1.0987000000000002,1.0984000000000003,1.0986000000000002
1704100200,1.0986000000000002,1.0989000000000002,1.0985000000000003,1.0988000000000002
1704100500,1.0988000000000002,1.0991000000000002,1.0987000000000002,1.0990000000000002
1704100800,1.0990000000000002,1.0992000000000002,1.0989000000000002,1.0991000000000002
1704101100,1.0991000000000002,1.0992000000000002,1.0988000000000002,1.0989000000000002
1704101400,1.0989000000000002,1.0991000000000002,1.0988000000000002,1.0990000000000002
1704101700,1.0990000000000002,1.0991000000000002,1.0987000000000002,1.0988000000000002
1704102000,1.0988000000000002,1.0989000000000002,1.0985000000000003,1.0986000000000002
1704102300,1.0986000000000002,1.0987000000000002,1.0984000000000003,1.0985000000000003
1704102600,1.0985000000000003,1.0987000000000002,1.0984000000000003,1.0986000000000002
1704102900,1.0986000000000002,1.0989000000000002,1.0985000000000003,1.0988000000000002
1704103200,1.0988000000000002,1.0989000000000002,1.0986000000000002,1.0987000000000002
1704103500,1.0987000000000002,1.0988000000000002,1.0985000000000003,1.0986000000000002
1704103800,1.0986000000000002,1.0987000000000002,1.0983000000000003,1.0984000000000003
1704104100,1.0984000000000003,1.0986000000000002,1.0983000000000003,1.0985000000000003
1704104400,1.0985000000000003,1.0986000000000002,1.0982000000000003,1.0983000000000003
1704104700,1.0983000000000003,1.0984000000000003,1.0981000000000003,1.0982000000000003
1704105000,1.0982000000000003,1.0985000000000003,1.0981000000000003,1.0984000000000003
1704105300,1.0984000000000003,1.0987000000000002,1.0983000000000003,1.0986000000000002
1704105600,1.0986000000000002,1.0988000000000002,1.0985000000000003,1.0987000000000002
1704105900,1.0987000000000002,1.0988000000000002,1.0984000000000003,1.0985000000000003
1704106200,1.0985000000000003,1.0987000000000002,1.0984000000000003,1.0986000000000002
1704106500,1.0986000000000002,1.0989000000000002,1.0985000000000003,1.0988000000000002
1704106800,1.0988000000000002,1.0989000000000002,1.0985000000000003,1.0986000000000002
1704107100,1.0986000000000002,1.0987000000000002,1.0984000000000003,1.0985000000000003
1704107400,1.0985000000000003,1.0988000000000002,1.0984000000000003,1.0987000000000002
1704107700,1.0987000000000002,1.0988000000000002,1.0985000000000003,1.0986000000000002
1704108000,1.0986000000000002,1.0987000000000002,1.0983000000000003,1.0984000000000003
1704108300,1.0984000000000003,1.0985000000000003,1.0982000000000003,1.0983000000000003
1704108600,1.0983000000000003,1.0986000000000002,1.0982000000000003,1.0985000000000003
1704108900,1.0985000000000003,1.0988000000000002,1.0984000000000003,1.0987000000000002
1704109200,1.0987000000000002,1.0988000000000002,1.0984000000000003,1.0985000000000003
1704109500,1.0985000000000003,1.0988000000000002,1.0984000000000003,1.0987000000000002
1704109800,1.0987000000000002,1.0989000000000002,1.0986000000000002,1.0988000000000002
1704110100,1.0988000000000002,1.0991000000000002,1.0987000000000002,1.0990000000000002
1704110400,1.0990000000000002,1.0991000000000002,1.0988000000000002,1.0989000000000002
1704110700,1.0989000000000002,1.0991000000000002,1.0988000000000002,1.0990000000000002
1704111000,1.0990000000000002,1.0992000000000002,1.0989000000000002,1.0991000000000002
1704111300,1.0991000000000002,1.0992000000000002,1.0988000000000002,1.0989000000000002
1704111600,1.0989000000000002,1.0990000000000002,1.0987000000000002,1.0988000000000002
1704111900,1.0988000000000002,1.0989000000000002,1.0985000000000003,1.0986000000000002
1704112200,1.0986000000000002,1.0989000000000002,1.0985000000000003,1.0988000000000002
1704112500,1.0988000000000002,1.0991000000000002,1.0987000000000002,1.0990000000000002
1704112800,1.0990000000000002,1.0991000000000002,1.0987000000000002,1.0988000000000002
1704113100,1.0988000000000002,1.0991000000000002,1.0987000000000002,1.0990000000000002
1704113400,1.0990000000000002,1.0993000000000002,1.0989000000000002,1.0992000000000002
1704113700,1.0992000000000002,1.0994000000000002,1.0991000000000002,1.0993000000000002
1704114000,1.0993000000000002,1.0995000000000001,1.0992000000000002,1.0994000000000002
1704114300,1.0994000000000002,1.0997000000000001,1.0993000000000002,1.0996000000000001
1704114600,1.0996000000000001,1.0998,1.0995000000000001,1.0997000000000001
1704114900,1.0997000000000001,1.0999,1.0996000000000001,1.0998
1704115200,1.0998,1.1,1.0997000000000001,1.0999
1704115500,1.0999,1.1001,1.0998,1.1
1704115800,1.1,1.1001,1.0998,1.0999
1704116100,1.0999,1.1002,1.0998,1.1001
1704116400,1.1001,1.1002,1.0998,1.0999
1704116700,1.0999,1.1002,1.0998,1.1001
1704117000,1.1001,1.1004,1.1,1.1003
1704117300,1.1003,1.1005,1.1002,1.1004
1704117600,1.1004,1.1006,1.1003,1.1005
1704117900,1.1005,1.1006,1.1002,1.1003
1704118200,1.1003,1.1006,1.1002,1.1005
1704118500,1.1005,1.1006,1.1003,1.1004
1704118800,1.1004,1.1006,1.1003,1.1005
1704119100,1.1005,1.1006,1.1003,1.1004
1704119400,1.1004,1.1006,1.1003,1.1005
1704119700,1.1005,1.1006,1.1002,1.1003
1704120000,1.1003,1.1006,1.1002,1.1005
1704120300,1.1005,1.1006,1.1002,1.1003
1704120600,1.1003,1.1005,1.1002,1.1004
1704120900,1.1004,1.1007,1.1003,1.1006
1704121200,1.1006,1.1007,1.1003,1.1004
1704121500,1.1004,1.1005,1.1001,1.1002
1704121800,1.1002,1.1004,1.1001,1.1003
1704122100,1.1003,1.1004,1.1,1.1001
1704122400,1.1001,1.1002,1.0999,1.1
1704122700,1.1,1.1003,1.0999,1.1002
1704123000,1.1002,1.1003,1.0999,1.1
1704123300,1.1,1.1003,1.0999,1.1002
1704123600,1.1002,1.1003,1.0999,1.1
1704123900,1.1,1.1002,1.0999,1.1001
1704124200,1.1001,1.1002,1.0999,1.1
1704124500,1.1,1.1002,1.0999,1.1001
1704124800,1.1001,1.1002,1.0999,1.1
1704125100,1.1,1.1001,1.0997000000000001,1.0998
1704125400,1.0998,1.0999,1.0996000000000001,1.0997000000000001
1704125700,1.0997000000000001,1.1,1.0996000000000001,1.0999
1704126000,1.0999,1.1001,1.0998,1.1
1704126300,1.1,1.1002,1.0999,1.1001
1704126600,1.1001,1.1002,1.0998,1.0999
1704126900,1.0999,1.1,1.0997000000000001,1.0998
1704127200,1.0998,1.0999,1.0995000000000001,1.0996000000000001
1704127500,1.0996000000000001,1.0997000000000001,1.0993000000000002,1.0994000000000002
1704127800,1.0994000000000002,1.0995000000000001,1.0992000000000002,1.0993000000000002
1704128100,1.0993000000000002,1.0994000000000002,1.0990000000000002,1.0991000000000002
1704128400,1.0991000000000002,1.0992000000000002,1.0989000000000002,1.0990000000000002
1704128700,1.0990000000000002,1.0991000000000002,1.0988000000000002,1.0989000000000002
1704129000,1.0989000000000002,1.0991000000000002,1.0988000000000002,1.0990000000000002
1704129300,1.0990000000000002,1.0993000000000002,1.0989000000000002,1.0992000000000002
1704129600,1.0992000000000002,1.0994000000000002,1.0991000000000002,1.0993000000000002
1704129900,1.0993000000000002,1.0994000000000002,1.0990000000000002,1.0991000000000002
1704130200,1.0991000000000002,1.0992000000000002,1.0988000000000002,1.0989000000000002
1704130500,1.0989000000000002,1.0990000000000002,1.0986000000000002,1.0987000000000002
1704130800,1.0987000000000002,1.0989000000000002,1.0986000000000002,1.0988000000000002
1704131100,1.0988000000000002,1.0989000000000002,1.0985000000000003,1.0986000000000002
1704131400,1.0986000000000002,1.0987000000000002,1.0984000000000003,1.0985000000000003
1704131700,1.0985000000000003,1.0987000000000002,1.0984000000000003,1.0986000000000002
1704132000,1.0986000000000002,1.0987000000000002,1.0983000000000003,1.0984000000000003
1704132300,1.0984000000000003,1.0985000000000003,1.0982000000000003,1.0983000000000003
1704132600,1.0983000000000003,1.0984000000000003,1.0981000000000003,1.0982000000000003
1704132900,1.0982000000000003,1.0983000000000003,1.0980000000000003,1.0981000000000003
1704133200,1.0981000000000003,1.0984000000000003,1.0980000000000003,1.0983000000000003
1704133500,1.0983000000000003,1.0985000000000003,1.0982000000000003,1.0984000000000003
1704133800,1.0984000000000003,1.0985000000000003,1.0982000000000003,1.0983000000000003
1704134100,1.0983000000000003,1.0986000000000002,1.0982000000000003,1.0985000000000003
1704134400,1.0985000000000003,1.0987000000000002,1.0984000000000003,1.0986000000000002
1704134700,1.0986000000000002,1.0987000000000002,1.0984000000000003,1.0985000000000003
1704135000,1.0985000000000003,1.0987000000000002,1.0984000000000003,1.0986000000000002
1704135300,1.0986000000000002,1.0989000000000002,1.0985000000000003,1.0988000000000002
1704135600,1.0988000000000002,1.0989000000000002,1.0986000000000002,1.0987000000000002
1704135900,1.0987000000000002,1.0989000000000002,1.0986000000000002,1.0988000000000002
1704136200,1.0988000000000002,1.0991000000000002,1.0987000000000002,1.0990000000000002
1704136500,1.0990000000000002,1.0992000000000002,1.0989000000000002,1.0991000000000002
1704136800,1.0991000000000002,1.0992000000000002,1.0988000000000002,1.0989000000000002
1704137100,1.0989000000000002,1.0992000000000002,1.0988000000000002,1.0991000000000002
1704137400,1.0991000000000002,1.0994000000000002,1.0990000000000002,1.0993000000000002
1704137700,1.0993000000000002,1.0995000000000001,1.0992000000000002,1.0994000000000002
1704138000,1.0994000000000002,1.0995000000000001,1.0992000000000002,1.0993000000000002
1704138300,1.0993000000000002,1.0994000000000002,1.0991000000000002,1.0992000000000002
1704138600,1.0992000000000002,1.0993000000000002,1.0990000000000002,1.0991000000000002
1704138900,1.0991000000000002,1.0993000000000002,1.0990000000000002,1.0992000000000002
1704139200,1.0992000000000002,1.0995000000000001,1.0991000000000002,1.0994000000000002
1704139500,1.0994000000000002,1.0997000000000001,1.0993000000000002,1.0996000000000001
1704139800,1.0996000000000001,1.0997000000000001,1.0993000000000002,1.0994000000000002
1704140100,1.0994000000000002,1.0995000000000001,1.0991000000000002,1.0992000000000002
1704140400,1.0992000000000002,1.0994000000000002,1.0991000000000002,1.0993000000000002
1704140700,1.0993000000000002,1.0996000000000001,1.0992000000000002,1.0995000000000001
1704141000,1.0995000000000001,1.0998,1.0994000000000002,1.0997000000000001
1704141300,1.0997000000000001,1.0998,1.0995000000000001,1.0996000000000001
1704141600,1.0996000000000001,1.0999,1.0995000000000001,1.0998
1704141900,1.0998,1.1,1.0997000000000001,1.0999
1704142200,1.0999,1.1,1.0997000000000001,1.0998
1704142500,1.0998,1.1,1.0997000000000001,1.0999
1704142800,1.0999,1.1,1.0996000000000001,1.0997000000000001
1704143100,1.0997000000000001,1.0999,1.0996000000000001,1.0998
1704143400,1.0998,1.1001,1.0997000000000001,1.1
1704143700,1.1,1.1001,1.0998,1.0999
1704144000,1.0999,1.1002,1.0998,1.1001
1704144300,1.1001,1.1003,1.1,1.1002
1704144600,1.1002,1.1005,1.1001,1.1004
1704144900,1.1004,1.1005,1.1001,1.1002
1704145200,1.1002,1.1005,1.1001,1.1004
1704145500,1.1004,1.1005,1.1002,1.1003
1704145800,1.1003,1.1006,1.1002,1.1005
1704146100,1.1005,1.1006,1.1003,1.1004
1704146400,1.1004,1.1007,1.1003,1.1006
1704146700,1.1006,1.1007,1.1003,1.1004
1704147000,1.1004,1.1007,1.1003,1.1006
1704147300,1.1006,1.1007,1.1003,1.1004
1704147600,1.1004,1.1007,1.1003,1.1006
1704147900,1.1006,1.1009,1.1005,1.1008
1704148200,1.1008,1.101,1.1007,1.1009
1704148500,1.1009,1.101,1.1006,1.1007
1704148800,1.1007,1.1008,1.1004,1.1005
1704149100,1.1005,1.1008,1.1004,1.1007
1704149400,1.1007,1.101,1.1006,1.1009
1704149700,1.1009,1.1011,1.1008,1.101
1704150000,1.101,1.1012,1.1009,1.1011
1704150300,1.1011,1.1012,1.1009,1.101
1704150600,1.101,1.1011,1.1008,1.1009
1704150900,1.1009,1.101,1.1006,1.1007
1704151200,1.1007,1.101,1.1006,1.1009
1704151500,1.1009,1.101,1.1006,1.1007
1704151800,1.1007,1.1008,1.1004,1.1005
1704152100,1.1005,1.1008,1.1004,1.1007
1704152400,1.1007,1.101,1.1006,1.1009
1704152700,1.1009,1.101,1.1007,1.1008
1704153000,1.1008,1.101,1.1007,1.1009
1704153300,1.1009,1.101,1.1006,1.1007
1704153600,1.1007,1.1008,1.1004,1.1005
1704153900,1.1005,1.1006,1.1003,1.1004
1704154200,1.1004,1.1005,1.1002,1.1003
1704154500,1.1003,1.1005,1.1002,1.1004
1704154800,1.1004,1.1006,1.1003,1.1005
1704155100,1.1005,1.1007,1.1004,1.1006
1704155400,1.1006,1.1008,1.1005,1.1007
1704155700,1.1007,1.101,1.1006,1.1009
1704156000,1.1009,1.1012,1.1008,1.1011
1704156300,1.1011,1.1013,1.101,1.1012
1704156600,1.1012,1.1014,1.1011,1.1013
1704156900,1.1013,1.1014,1.101,1.1011
1704157200,1.1011,1.1012,1.1009,1.101
1704157500,1.101,1.1011,1.1008,1.1009
1704157800,1.1009,1.101,1.1006,1.1007
1704158100,1.1007,1.1008,1.1005,1.1006
1704158400,1.1006,1.1007,1.1003,1.1004
1704158700,1.1004,1.1006,1.1003,1.1005
1704159000,1.1005,1.1007,1.1004,1.1006
1704159300,1.1006,1.1007,1.1003,1.1004
1704159600,1.1004,1.1005,1.1001,1.1002
1704159900,1.1002,1.1003,1.0999,1.1
1704160200,1.1,1.1001,1.0997000000000001,1.0998
1704160500,1.0998,1.1001,1.0997000000000001,1.1
1704160800,1.1,1.1001,1.0997000000000001,1.0998
1704161100,1.0998,1.1,1.0997000000000001,1.0999
1704161400,1.0999,1.1001,1.0998,1.1
1704161700,1.1,1.1003,1.0999,1.1002
1704162000,1.1002,1.1003,1.0999,1.1
1704162300,1.1,1.1001,1.0998,1.0999
1704162600,1.0999,1.1,1.0996000000000001,1.0997000000000001
1704162900,1.0997000000000001,1.0998,1.0995000000000001,1.0996000000000001
1704163200,1.0996000000000001,1.0997000000000001,1.0994000000000002,1.0995000000000001
1704163500,1.0995000000000001,1.0996000000000001,1.0993000000000002,1.0994000000000002
1704163800,1.0994000000000002,1.0997000000000001,1.0993000000000002,1.0996000000000001
1704164100,1.0996000000000001,1.0997000000000001,1.0993000000000002,1.0994000000000002
1704164400,1.0994000000000002,1.0995000000000001,1.0992000000000002,1.0993000000000002
1704164700,1.0993000000000002,1.0995000000000001,1.0992000000000002,1.0994000000000002
1704165000,1.0994000000000002,1.0995000000000001,1.0991000000000002,1.0992000000000002
1704165300,1.0992000000000002,1.0995000000000001,1.0991000000000002,1.0994000000000002
1704165600,1.0994000000000002,1.0995000000000001,1.0991000000000002,1.0992000000000002
1704165900,1.0992000000000002,1.0995000000000001,1.0991000000000002,1.0994000000000002
1704166200,1.0994000000000002,1.0995000000000001,1.0991000000000002,1.0992000000000002
1704166500,1.0992000000000002,1.0993000000000002,1.0989000000000002,1.0990000000000002
1704166800,1.0990000000000002,1.0991000000000002,1.0988000000000002,1.0989000000000002
1704167100,1.0989000000000002,1.0990000000000002,1.0987000000000002,1.0988000000000002
1704167400,1.0988000000000002,1.0989000000000002,1.0985000000000003,1.0986000000000002
1704167700,1.0986000000000002,1.0988000000000002,1.0985000000000003,1.0987000000000002
1704168000,1.0987000000000002,1.0990000000000002,1.0986000000000002,1.0989000000000002
1704168300,1.0989000000000002,1.0990000000000002,1.0986000000000002,1.0987000000000002
1704168600,1.0987000000000002,1.0990000000000002,1.0986000000000002,1.0989000000000002
1704168900,1.0989000000000002,1.0990000000000002,1.0986000000000002,1.0987000000000002
1704169200,1.0987000000000002,1.0990000000000002,1.0986000000000002,1.0989000000000002
1704169500,1.0989000000000002,1.0991000000000002,1.0988000000000002,1.0990000000000002
1704169800,1.0990000000000002,1.0992000000000002,1.0989000000000002,1.0991000000000002
1704170100,1.0991000000000002,1.0992000000000002,1.0988000000000002,1.0989000000000002
1704170400,1.0989000000000002,1.0990000000000002,1.0987000000000002,1.0988000000000002
1704170700,1.0988000000000002,1.0989000000000002,1.0986000000000002,1.0987000000000002
1704171000,1.0987000000000002,1.0989000000000002,1.0986000000000002,1.0988000000000002
1704171300,1.0988000000000002,1.0989000000000002,1.0985000000000003,1.0986000000000002
1704171600,1.0986000000000002,1.0987000000000002,1.0984000000000003,1.0985000000000003
1704171900,1.0985000000000003,1.0986000000000002,1.0983000000000003,1.0984000000000003
1704172200,1.0984000000000003,1.0985000000000003,1.0982000000000003,1.0983000000000003
1704172500,1.0983000000000003,1.0984000000000003,1.0980000000000003,1.0981000000000003
1704172800,1.0981000000000003,1.0984000000000003,1.0980000000000003,1.0983000000000003
1704173100,1.0983000000000003,1.0984000000000003,1.0981000000000003,1.0982000000000003
1704173400,1.0982000000000003,1.0983000000000003,1.0980000000000003,1.0981000000000003
1704173700,1.0981000000000003,1.0982000000000003,1.0979000000000003,1.0980000000000003
1704174000,1.0980000000000003,1.0981000000000003,1.0977000000000003,1.0978000000000003
1704174300,1.0978000000000003,1.0980000000000003,1.0977000000000003,1.0979000000000003
1704174600,1.0979000000000003,1.0980000000000003,1.0976000000000004,1.0977000000000003
1704174900,1.0977000000000003,1.0978000000000003,1.0975000000000004,1.0976000000000004
1704175200,1.0976000000000004,1.0977000000000003,1.0973000000000004,1.0974000000000004
1704175500,1.0974000000000004,1.0977000000000003,1.0973000000000004,1.0976000000000004
1704175800,1.0976000000000004,1.0978000000000003,1.0975000000000004,1.0977000000000003
1704176100,1.0977000000000003,1.0978000000000003,1.0974000000000004,1.0975000000000004
1704176400,1.0975000000000004,1.0976000000000004,1.0973000000000004,1.0974000000000004
1704176700,1.0974000000000004,1.0977000000000003,1.0973000000000004,1.0976000000000004
1704177000,1.0976000000000004,1.0978000000000003,1.0975000000000004,1.0977000000000003
1704177300,1.0977000000000003,1.0978000000000003,1.0974000000000004,1.0975000000000004
1704177600,1.0975000000000004,1.0976000000000004,1.0973000000000004,1.0974000000000004
1704177900,1.0974000000000004,1.0975000000000004,1.0972000000000004,1.0973000000000004
1704178200,1.0973000000000004,1.0975000000000004,1.0972000000000004,1.0974000000000004
1704178500,1.0974000000000004,1.0977000000000003,1.0973000000000004,1.0976000000000004
1704178800,1.0976000000000004,1.0979000000000003,1.0975000000000004,1.0978000000000003
1704179100,1.0978000000000003,1.0979000000000003,1.0976000000000004,1.0977000000000003
1704179400,1.0977000000000003,1.0978000000000003,1.0975000000000004,1.0976000000000004
1704179700,1.0976000000000004,1.0977000000000003,1.0974000000000004,1.0975000000000004
1704180000,1.0975000000000004,1.0977000000000003,1.0974000000000004,1.0976000000000004
1704180300,1.0976000000000004,1.0977000000000003,1.0973000000000004,1.0974000000000004
1704180600,1.0974000000000004,1.0975000000000004,1.0971000000000004,1.0972000000000004
1704180900,1.0972000000000004,1.0973000000000004,1.0970000000000004,1.0971000000000004
1704181200,1.0971000000000004,1.0972000000000004,1.0969000000000004,1.0970000000000004
1704181500,1.0970000000000004,1.0971000000000004,1.0967000000000005,1.0968000000000004
1704181800,1.0968000000000004,1.0970000000000004,1.0967000000000005,1.0969000000000004
1704182100,1.0969000000000004,1.0970000000000004,1.0966000000000005,1.0967000000000005
1704182400,1.0967000000000005,1.0968000000000004,1.0964000000000005,1.0965000000000005
1704182700,1.0965000000000005,1.0968000000000004,1.0964000000000005,1.0967000000000005
1704183000,1.0967000000000005,1.0968000000000004,1.0964000000000005,1.0965000000000005
1704183300,1.0965000000000005,1.0966000000000005,1.0963000000000005,1.0964000000000005
1704183600,1.0964000000000005,1.0966000000000005,1.0963000000000005,1.0965000000000005
1704183900,1.0965000000000005,1.0967000000000005,1.0964000000000005,1.0966000000000005
1704184200,1.0966000000000005,1.0967000000000005,1.0964000000000005,1.0965000000000005
1704184500,1.0965000000000005,1.0968000000000004,1.0964000000000005,1.0967000000000005
1704184800,1.0967000000000005,1.0969000000000004,1.0966000000000005,1.0968000000000004
1704185100,1.0968000000000004,1.0970000000000004,1.0967000000000005,1.0969000000000004
1704185400,1.0969000000000004,1.0970000000000004,1.0966000000000005,1.0967000000000005
1704185700,1.0967000000000005,1.0970000000000004,1.0966000000000005,1.0969000000000004
1704186000,1.0969000000000004,1.0972000000000004,1.0968000000000004,1.0971000000000004
1704186300,1.0971000000000004,1.0972000000000004,1.0968000000000004,1.0969000000000004
1704186600,1.0969000000000004,1.0972000000000004,1.0968000000000004,1.0971000000000004
1704186900,1.0971000000000004,1.0974000000000004,1.0970000000000004,1.0973000000000004
1704187200,1.0973000000000004,1.0976000000000004,1.0972000000000004,1.0975000000000004
1704187500,1.0975000000000004,1.0976000000000004,1.0972000000000004,1.0973000000000004
1704187800,1.0973000000000004,1.0974000000000004,1.0971000000000004,1.0972000000000004
1704188100,1.0972000000000004,1.0973000000000004,1.0969000000000004,1.0970000000000004
1704188400,1.0970000000000004,1.0971000000000004,1.0967000000000005,1.0968000000000004
1704188700,1.0968000000000004,1.0969000000000004,1.0965000000000005,1.0966000000000005
1704189000,1.0966000000000005,1.0968000000000004,1.0965000000000005,1.0967000000000005
1704189300,1.0967000000000005,1.0968000000000004,1.0965000000000005,1.0966000000000005
1704189600,1.0966000000000005,1.0967000000000005,1.0963000000000005,1.0964000000000005
1704189900,1.0964000000000005,1.0966000000000005,1.0963000000000005,1.0965000000000005
1704190200,1.0965000000000005,1.0968000000000004,1.0964000000000005,1.0967000000000005
1704190500,1.0967000000000005,1.0968000000000004,1.0965000000000005,1.0966000000000005
1704190800,1.0966000000000005,1.0969000000000004,1.0965000000000005,1.0968000000000004
1704191100,1.0968000000000004,1.0970000000000004,1.0967000000000005,1.0969000000000004
1704191400,1.0969000000000004,1.0970000000000004,1.0967000000000005,1.0968000000000004
1704191700,1.0968000000000004,1.0970000000000004,1.0967000000000005,1.0969000000000004
1704192000,1.0969000000000004,1.0972000000000004,1.0968000000000004,1.0971000000000004
1704192300,1.0971000000000004,1.0972000000000004,1.0969000000000004,1.0970000000000004
1704192600,1.0970000000000004,1.0972000000000004,1.0969000000000004,1.0971000000000004
1704192900,1.0971000000000004,1.0974000000000004,1.0970000000000004,1.0973000000000004
1704193200,1.0973000000000004,1.0975000000000004,1.0972000000000004,1.0974000000000004
1704193500,1.0974000000000004,1.0975000000000004,1.0972000000000004,1.0973000000000004
1704193800,1.0973000000000004,1.0974000000000004,1.0970000000000004,1.0971000000000004
1704194100,1.0971000000000004,1.0973000000000004,1.0970000000000004,1.0972000000000004
1704194400,1.0972000000000004,1.0974000000000004,1.0971000000000004,1.0973000000000004
1704194700,1.0973000000000004,1.0974000000000004,1.0970000000000004,1.0971000000000004
1704195000,1.0971000000000004,1.0974000000000004,1.0970000000000004,1.0973000000000004
1704195300,1.0973000000000004,1.0976000000000004,1.0972000000000004,1.0975000000000004
1704195600,1.0975000000000004,1.0977000000000003,1.0974000000000004,1.0976000000000004
1704195900,1.0976000000000004,1.0977000000000003,1.0973000000000004,1.0974000000000004
1704196200,1.0974000000000004,1.0977000000000003,1.0973000000000004,1.0976000000000004
1704196500,1.0976000000000004,1.0977000000000003,1.0973000000000004,1.0974000000000004
1704196800,1.0974000000000004,1.0976000000000004,1.0973000000000004,1.0975000000000004
1704197100,1.0975000000000004,1.0976000000000004,1.0973000000000004,1.0974000000000004
1704197400,1.0974000000000004,1.0975000000000004,1.0971000000000004,1.0972000000000004
1704197700,1.0972000000000004,1.0973000000000004,1.0969000000000004,1.0970000000000004
1704198000,1.0970000000000004,1.0971000000000004,1.0968000000000004,1.0969000000000004
1704198300,1.0969000000000004,1.0971000000000004,1.0968000000000004,1.0970000000000004
1704198600,1.0970000000000004,1.0973000000000004,1.0969000000000004,1.0972000000000004
1704198900,1.0972000000000004,1.0973000000000004,1.0970000000000004,1.0971000000000004
1704199200,1.0971000000000004,1.0972000000000004,1.0968000000000004,1.0969000000000004
1704199500,1.0969000000000004,1.0971000000000004,1.0968000000000004,1.0970000000000004
1704199800,1.0970000000000004,1.0972000000000004,1.0969000000000004,1.0971000000000004
1704200100,1.0971000000000004,1.0972000000000004,1.0969000000000004,1.0970000000000004
1704200400,1.0970000000000004,1.0971000000000004,1.0968000000000004,1.0969000000000004
1704200700,1.0969000000000004,1.0970000000000004,1.0967000000000005,1.0968000000000004
1704201000,1.0968000000000004,1.0969000000000004,1.0966000000000005,1.0967000000000005
1704201300,1.0967000000000005,1.0970000000000004,1.0966000000000005,1.0969000000000004
1704201600,1.0969000000000004,1.0971000000000004,1.0968000000000004,1.0970000000000004
1704201900,1.0970000000000004,1.0973000000000004,1.0969000000000004,1.0972000000000004
1704202200,1.0972000000000004,1.0974000000000004,1.0971000000000004,1.0973000000000004
1704202500,1.0973000000000004,1.0975000000000004,1.0972000000000004,1.0974000000000004
1704202800,1.0974000000000004,1.0975000000000004,1.0972000000000004,1.0973000000000004
1704203100,1.0973000000000004,1.0976000000000004,1.0972000000000004,1.0975000000000004
1704203400,1.0975000000000004,1.0976000000000004,1.0972000000000004,1.0973000000000004
1704203700,1.0973000000000004,1.0976000000000004,1.0972000000000004,1.0975000000000004
1704204000,1.0975000000000004,1.0977000000000003,1.0974000000000004,1.0976000000000004
1704204300,1.0976000000000004,1.0977000000000003,1.0973000000000004,1.0974000000000004
1704204600,1.0974000000000004,1.0975000000000004,1.0971000000000004,1.0972000000000004
1704204900,1.0972000000000004,1.0973000000000004,1.0969000000000004,1.0970000000000004
1704205200,1.0970000000000004,1.0971000000000004,1.0968000000000004,1.0969000000000004
1704205500,1.0969000000000004,1.0970000000000004,1.0966000000000005,1.0967000000000005
1704205800,1.0967000000000005,1.0968000000000004,1.0965000000000005,1.0966000000000005
1704206100,1.0966000000000005,1.0967000000000005,1.0963000000000005,1.0964000000000005
1704206400,1.0964000000000005,1.0967000000000005,1.0963000000000005,1.0966000000000005
1704206700,1.0966000000000005,1.0968000000000004,1.0965000000000005,1.0967000000000005
1704207000,1.0967000000000005,1.0968000000000004,1.0965000000000005,1.0966000000000005
1704207300,1.0966000000000005,1.0968000000000004,1.0965000000000005,1.0967000000000005
1704207600,1.0967000000000005,1.0968000000000004,1.0965000000000005,1.0966000000000005
1704207900,1.0966000000000005,1.0967000000000005,1.0963000000000005,1.0964000000000005
1704208200,1.0964000000000005,1.0966000000000005,1.0963000000000005,1.0965000000000005
1704208500,1.0965000000000005,1.0967000000000005,1.0964000000000005,1.0966000000000005
1704208800,1.0966000000000005,1.0968000000000004,1.0965000000000005,1.0967000000000005
1704209100,1.0967000000000005,1.0970000000000004,1.0966000000000005,1.0969000000000004
1704209400,1.0969000000000004,1.0970000000000004,1.0967000000000005,1.0968000000000004
1704209700,1.0968000000000004,1.0971000000000004,1.0967000000000005,1.0970000000000004
1704210000,1.0970000000000004,1.0972000000000004,1.0969000000000004,1.0971000000000004
1704210300,1.0971000000000004,1.0972000000000004,1.0968000000000004,1.0969000000000004
1704210600,1.0969000000000004,1.0970000000000004,1.0967000000000005,1.0968000000000004
1704210900,1.0968000000000004,1.0969000000000004,1.0965000000000005,1.0966000000000005
1704211200,1.0966000000000005,1.0969000000000004,1.0965000000000005,1.0968000000000004
1704211500,1.0968000000000004,1.0971000000000004,1.0967000000000005,1.0970000000000004
1704211800,1.0970000000000004,1.0971000000000004,1.0967000000000005,1.0968000000000004
1704212100,1.0968000000000004,1.0969000000000004,1.0966000000000005,1.0967000000000005
1704212400,1.0967000000000005,1.0970000000000004,1.0966000000000005,1.0969000000000004
1704212700,1.0969000000000004,1.0970000000000004,1.0966000000000005,1.0967000000000005
1704213000,1.0967000000000005,1.0969000000000004,1.0966000000000005,1.0968000000000004
1704213300,1.0968000000000004,1.0971000000000004,1.0967000000000005,1.0970000000000004
1704213600,1.0970000000000004,1.0971000000000004,1.0968000000000004,1.0969000000000004
1704213900,1.0969000000000004,1.0970000000000004,1.0967000000000005,1.0968000000000004
1704214200,1.0968000000000004,1.0969000000000004,1.0966000000000005,1.0967000000000005
1704214500,1.0967000000000005,1.0968000000000004,1.0964000000000005,1.0965000000000005
1704214800,1.0965000000000005,1.0967000000000005,1.0964000000000005,1.0966000000000005
1704215100,1.0966000000000005,1.0967000000000005,1.0964000000000005,1.0965000000000005
1704215400,1.0965000000000005,1.0966000000000005,1.0962000000000005,1.0963000000000005
1704215700,1.0963000000000005,1.0965000000000005,1.0962000000000005,1.0964000000000005
1704216000,1.0964000000000005,1.0967000000000005,1.0963000000000005,1.0966000000000005
1704216300,1.0966000000000005,1.0967000000000005,1.0963000000000005,1.0964000000000005
1704216600,1.0964000000000005,1.0966000000000005,1.0963000000000005,1.0965000000000005
1704216900,1.0965000000000005,1.0967000000000005,1.0964000000000005,1.0966000000000005
1704217200,1.0966000000000005,1.0969000000000004,1.0965000000000005,1.0968000000000004
1704217500,1.0968000000000004,1.0971000000000004,1.0967000000000005,1.0970000000000004
1704217800,1.0970000000000004,1.0971000000000004,1.0968000000000004,1.0969000000000004
1704218100,1.0969000000000004,1.0972000000000004,1.0968000000000004,1.0971000000000004
1704218400,1.0971000000000004,1.0974000000000004,1.0970000000000004,1.0973000000000004
1704218700,1.0973000000000004,1.0974000000000004,1.0971000000000004,1.0972000000000004
1704219000,1.0972000000000004,1.0973000000000004,1.0969000000000004,1.0970000000000004
1704219300,1.0970000000000004,1.0971000000000004,1.0968000000000004,1.0969000000000004
1704219600,1.0969000000000004,1.0972000000000004,1.0968000000000004,1.0971000000000004
1704219900,1.0971000000000004,1.0972000000000004,1.0968000000000004,1.0969000000000004
1704220200,1.0969000000000004,1.0972000000000004,1.0968000000000004,1.0971000000000004
1704220500,1.0971000000000004,1.0972000000000004,1.0968000000000004,1.0969000000000004
1704220800,1.0969000000000004,1.0971000000000004,1.0968000000000004,1.0970000000000004
1704221100,1.0970000000000004,1.0971000000000004,1.0968000000000004,1.0969000000000004
1704221400,1.0969000000000004,1.0971000000000004,1.0968000000000004,1.0970000000000004
1704221700,1.0970000000000004,1.0971000000000004,1.0968000000000004,1.0969000000000004
1704222000,1.0969000000000004,1.0970000000000004,1.0967000000000005,1.0968000000000004
1704222300,1.0968000000000004,1.0969000000000004,1.0966000000000005,1.0967000000000005
1704222600,1.0967000000000005,1.0968000000000004,1.0964000000000005,1.0965000000000005
1704222900,1.0965000000000005,1.0967000000000005,1.0964000000000005,1.0966000000000005
1704223200,1.0966000000000005,1.0967000000000005,1.0964000000000005,1.0965000000000005
1704223500,1.0965000000000005,1.0968000000000004,1.0964000000000005,1.0967000000000005
1704223800,1.0967000000000005,1.0968000000000004,1.0964000000000005,1.0965000000000005
1704224100,1.0965000000000005,1.0966000000000005,1.0963000000000005,1.0964000000000005
1704224400,1.0964000000000005,1.0967000000000005,1.0963000000000005,1.0966000000000005
1704224700,1.0966000000000005,1.0967000000000005,1.0964000000000005,1.0965000000000005
1704225000,1.0965000000000005,1.0966000000000005,1.0963000000000005,1.0964000000000005
1704225300,1.0964000000000005,1.0965000000000005,1.0961000000000005,1.0962000000000005
1704225600,1.0962000000000005,1.0963000000000005,1.0960000000000005,1.0961000000000005
1704225900,1.0961000000000005,1.0962000000000005,1.0958000000000006,1.0959000000000005
1704226200,1.0959000000000005,1.0960000000000005,1.0956000000000006,1.0957000000000006
1704226500,1.0957000000000006,1.0958000000000006,1.0954000000000006,1.0955000000000006
1704226800,1.0955000000000006,1.0956000000000006,1.0953000000000006,1.0954000000000006
1704227100,1.0954000000000006,1.0956000000000006,1.0953000000000006,1.0955000000000006
1704227400,1.0955000000000006,1.0956000000000006,1.0952000000000006,1.0953000000000006
1704227700,1.0953000000000006,1.0954000000000006,1.0950000000000006,1.0951000000000006
1704228000,1.0951000000000006,1.0954000000000006,1.0950000000000006,1.0953000000000006
1704228300,1.0953000000000006,1.0955000000000006,1.0952000000000006,1.0954000000000006
1704228600,1.0954000000000006,1.0957000000000006,1.0953000000000006,1.0956000000000006
1704228900,1.0956000000000006,1.0957000000000006,1.0953000000000006,1.0954000000000006
1704229200,1.0954000000000006,1.0955000000000006,1.0952000000000006,1.0953000000000006
1704229500,1.0953000000000006,1.0955000000000006,1.0952000000000006,1.0954000000000006
1704229800,1.0954000000000006,1.0955000000000006,1.0951000000000006,1.0952000000000006
1704230100,1.0952000000000006,1.0953000000000006,1.0950000000000006,1.0951000000000006
1704230400,1.0951000000000006,1.0952000000000006,1.0948000000000007,1.0949000000000007
1704230700,1.0949000000000007,1.0950000000000006,1.0946000000000007,1.0947000000000007
1704231000,1.0947000000000007,1.0948000000000007,1.0944000000000007,1.0945000000000007
1704231300,1.0945000000000007,1.0946000000000007,1.0943000000000007,1.0944000000000007
1704231600,1.0944000000000007,1.0945000000000007,1.0941000000000007,1.0942000000000007
1704231900,1.0942000000000007,1.0943000000000007,1.0939000000000008,1.0940000000000007
1704232200,1.0940000000000007,1.0941000000000007,1.0938000000000008,1.0939000000000008
1704232500,1.0939000000000008,1.0940000000000007,1.0937000000000008,1.0938000000000008
1704232800,1.0938000000000008,1.0939000000000008,1.0935000000000008,1.0936000000000008
1704233100,1.0936000000000008,1.0939000000000008,1.0935000000000008,1.0938000000000008
1704233400,1.0938000000000008,1.0940000000000007,1.0937000000000008,1.0939000000000008
1704233700,1.0939000000000008,1.0942000000000007,1.0938000000000008,1.0941000000000007
1704234000,1.0941000000000007,1.0944000000000007,1.0940000000000007,1.0943000000000007
1704234300,1.0943000000000007,1.0944000000000007,1.0940000000000007,1.0941000000000007
1704234600,1.0941000000000007,1.0942000000000007,1.0938000000000008,1.0939000000000008
1704234900,1.0939000000000008,1.0940000000000007,1.0937000000000008,1.0938000000000008
1704235200,1.0938000000000008,1.0939000000000008,1.0935000000000008,1.0936000000000008
1704235500,1.0936000000000008,1.0938000000000008,1.0935000000000008,1.0937000000000008
1704235800,1.0937000000000008,1.0940000000000007,1.0936000000000008,1.0939000000000008
1704236100,1.0939000000000008,1.0940000000000007,1.0936000000000008,1.0937000000000008
1704236400,1.0937000000000008,1.0940000000000007,1.0936000000000008,1.0939000000000008
1704236700,1.0939000000000008,1.0940000000000007,1.0937000000000008,1.0938000000000008
1704237000,1.0938000000000008,1.0940000000000007,1.0937000000000008,1.0939000000000008
1704237300,1.0939000000000008,1.0940000000000007,1.0936000000000008,1.0937000000000008
1704237600,1.0937000000000008,1.0939000000000008,1.0936000000000008,1.0938000000000008
1704237900,1.0938000000000008,1.0939000000000008,1.0936000000000008,1.0937000000000008
1704238200,1.0937000000000008,1.0940000000000007,1.0936000000000008,1.0939000000000008
1704238500,1.0939000000000008,1.0941000000000007,1.0938000000000008,1.0940000000000007
1704238800,1.0940000000000007,1.0941000000000007,1.0937000000000008,1.0938000000000008
1704239100,1.0938000000000008,1.0939000000000008,1.0936000000000008,1.0937000000000008
1704239400,1.0937000000000008,1.0939000000000008,1.0936000000000008,1.0938000000000008
1704239700,1.0938000000000008,1.0940000000000007,1.0937000000000008,1.0939000000000008
1704240000,1.0939000000000008,1.0941000000000007,1.0938000000000008,1.0940000000000007
1704240300,1.0940000000000007,1.0942000000000007,1.0939000000000008,1.0941000000000007
1704240600,1.0941000000000007,1.0942000000000007,1.0939000000000008,1.0940000000000007
1704240900,1.0940000000000007,1.0943000000000007,1.0939000000000008,1.0942000000000007
1704241200,1.0942000000000007,1.0943000000000007,1.0940000000000007,1.0941000000000007
1704241500,1.0941000000000007,1.0942000000000007,1.0938000000000008,1.0939000000000008
1704241800,1.0939000000000008,1.0940000000000007,1.0936000000000008,1.0937000000000008
1704242100,1.0937000000000008,1.0938000000000008,1.0934000000000008,1.0935000000000008
1704242400,1.0935000000000008,1.0937000000000008,1.0934000000000008,1.0936000000000008
1704242700,1.0936000000000008,1.0939000000000008,1.0935000000000008,1.0938000000000008
1704243000,1.0938000000000008,1.0941000000000007,1.0937000000000008,1.0940000000000007
1704243300,1.0940000000000007,1.0943000000000007,1.0939000000000008,1.0942000000000007
1704243600,1.0942000000000007,1.0943000000000007,1.0940000000000007,1.0941000000000007
1704243900,1.0941000000000007,1.0942000000000007,1.0938000000000008,1.0939000000000008
1704244200,1.0939000000000008,1.0940000000000007,1.0937000000000008,1.0938000000000008
1704244500,1.0938000000000008,1.0939000000000008,1.0936000000000008,1.0937000000000008
1704244800,1.0937000000000008,1.0938000000000008,1.0935000000000008,1.0936000000000008
1704245100,1.0936000000000008,1.0939000000000008,1.0935000000000008,1.0938000000000008
1704245400,1.0938000000000008,1.0939000000000008,1.0935000000000008,1.0936000000000008
1704245700,1.0936000000000008,1.0937000000000008,1.0933000000000008,1.0934000000000008
1704246000,1.0934000000000008,1.0937000000000008,1.0933000000000008,1.0936000000000008
1704246300,1.0936000000000008,1.0937000000000008,1.0933000000000008,1.0934000000000008
1704246600,1.0934000000000008,1.0937000000000008,1.0933000000000008,1.0936000000000008
1704246900,1.0936000000000008,1.0938000000000008,1.0935000000000008,1.0937000000000008
1704247200,1.0937000000000008,1.0938000000000008,1.0934000000000008,1.0935000000000008
1704247500,1.0935000000000008,1.0938000000000008,1.0934000000000008,1.0937000000000008
1704247800,1.0937000000000008,1.0938000000000008,1.0934000000000008,1.0935000000000008
1704248100,1.0935000000000008,1.0936000000000008,1.0933000000000008,1.0934000000000008
1704248400,1.0934000000000008,1.0935000000000008,1.0931000000000008,1.0932000000000008
1704248700,1.0932000000000008,1.0934000000000008,1.0931000000000008,1.0933000000000008
1704249000,1.0933000000000008,1.0934000000000008,1.0931000000000008,1.0932000000000008
1704249300,1.0932000000000008,1.0935000000000008,1.0931000000000008,1.0934000000000008
1704249600,1.0934000000000008,1.0935000000000008,1.0931000000000008,1.0932000000000008
1704249900,1.0932000000000008,1.0934000000000008,1.0931000000000008,1.0933000000000008
1704250200,1.0933000000000008,1.0934000000000008,1.0931000000000008,1.0932000000000008
1704250500,1.0932000000000008,1.0933000000000008,1.0930000000000009,1.0931000000000008
1704250800,1.0931000000000008,1.0933000000000008,1.0930000000000009,1.0932000000000008
1704251100,1.0932000000000008,1.0933000000000008,1.0930000000000009,1.0931000000000008
1704251400,1.0931000000000008,1.0932000000000008,1.0929000000000009,1.0930000000000009
1704251700,1.0930000000000009,1.0931000000000008,1.0928000000000009,1.0929000000000009
1704252000,1.0929000000000009,1.0931000000000008,1.0928000000000009,1.0930000000000009
1704252300,1.0930000000000009,1.0933000000000008,1.0929000000000009,1.0932000000000008
1704252600,1.0932000000000008,1.0933000000000008,1.0930000000000009,1.0931000000000008
1704252900,1.0931000000000008,1.0934000000000008,1.0930000000000009,1.0933000000000008
1704253200,1.0933000000000008,1.0934000000000008,1.0930000000000009,1.0931000000000008
1704253500,1.0931000000000008,1.0932000000000008,1.0928000000000009,1.0929000000000009
1704253800,1.0929000000000009,1.0930000000000009,1.092700000000001,1.0928000000000009
1704254100,1.0928000000000009,1.0931000000000008,1.092700000000001,1.0930000000000009
1704254400,1.0930000000000009,1.0931000000000008,1.0928000000000009,1.0929000000000009
1704254700,1.0929000000000009,1.0930000000000009,1.092700000000001,1.0928000000000009
1704255000,1.0928000000000009,1.0930000000000009,1.092700000000001,1.0929000000000009
1704255300,1.0929000000000009,1.0930000000000009,1.092700000000001,1.0928000000000009
1704255600,1.0928000000000009,1.0931000000000008,1.092700000000001,1.0930000000000009
1704255900,1.0930000000000009,1.0931000000000008,1.092700000000001,1.0928000000000009
1704256200,1.0928000000000009,1.0931000000000008,1.092700000000001,1.0930000000000009
1704256500,1.0930000000000009,1.0931000000000008,1.0928000000000009,1.0929000000000009
1704256800,1.0929000000000009,1.0930000000000009,1.092700000000001,1.0928000000000009
1704257100,1.0928000000000009,1.0931000000000008,1.092700000000001,1.0930000000000009
1704257400,1.0930000000000009,1.0933000000000008,1.0929000000000009,1.0932000000000008
1704257700,1.0932000000000008,1.0933000000000008,1.0929000000000009,1.0930000000000009
1704258000,1.0930000000000009,1.0931000000000008,1.092700000000001,1.0928000000000009
1704258300,1.0928000000000009,1.0931000000000008,1.092700000000001,1.0930000000000009
1704258600,1.0930000000000009,1.0932000000000008,1.0929000000000009,1.0931000000000008
1704258900,1.0931000000000008,1.0934000000000008,1.0930000000000009,1.0933000000000008
1704259200,1.0933000000000008,1.0935000000000008,1.0932000000000008,1.0934000000000008
1704259500,1.0934000000000008,1.0935000000000008,1.0931000000000008,1.0932000000000008
1704259800,1.0932000000000008,1.0933000000000008,1.0930000000000009,1.0931000000000008
1704260100,1.0931000000000008,1.0933000000000008,1.0930000000000009,1.0932000000000008
1704260400,1.0932000000000008,1.0933000000000008,1.0930000000000009,1.0931000000000008
1704260700,1.0931000000000008,1.0933000000000008,1.0930000000000009,1.0932000000000008
1704261000,1.0932000000000008,1.0934000000000008,1.0931000000000008,1.0933000000000008
1704261300,1.0933000000000008,1.0934000000000008,1.0931000000000008,1.0932000000000008
1704261600,1.0932000000000008,1.0933000000000008,1.0929000000000009,1.0930000000000009
1704261900,1.0930000000000009,1.0932000000000008,1.0929000000000009,1.0931000000000008
1704262200,1.0931000000000008,1.0934000000000008,1.0930000000000009,1.0933000000000008
1704262500,1.0933000000000008,1.0935000000000008,1.0932000000000008,1.0934000000000008
1704262800,1.0934000000000008,1.0935000000000008,1.0932000000000008,1.0933000000000008
1704263100,1.0933000000000008,1.0934000000000008,1.0931000000000008,1.0932000000000008
1704263400,1.0932000000000008,1.0933000000000008,1.0929000000000009,1.0930000000000009
1704263700,1.0930000000000009,1.0931000000000008,1.0928000000000009,1.0929000000000009
1704264000,1.0929000000000009,1.0930000000000009,1.092600000000001,1.092700000000001
1704264300,1.092700000000001,1.0928000000000009,1.092400000000001,1.092500000000001
1704264600,1.092500000000001,1.092700000000001,1.092400000000001,1.092600000000001
1704264900,1.092600000000001,1.092700000000001,1.092300000000001,1.092400000000001
1704265200,1.092400000000001,1.092500000000001,1.092200000000001,1.092300000000001
1704265500,1.092300000000001,1.092400000000001,1.092000000000001,1.092100000000001
1704265800,1.092100000000001,1.092200000000001,1.091800000000001,1.091900000000001
1704266100,1.091900000000001,1.092000000000001,1.091700000000001,1.091800000000001
1704266400,1.091800000000001,1.092100000000001,1.091700000000001,1.092000000000001
1704266700,1.092000000000001,1.092100000000001,1.091700000000001,1.091800000000001
1704267000,1.091800000000001,1.092000000000001,1.091700000000001,1.091900000000001
1704267300,1.091900000000001,1.092000000000001,1.091700000000001,1.091800000000001
1704267600,1.091800000000001,1.092000000000001,1.091700000000001,1.091900000000001
1704267900,1.091900000000001,1.092000000000001,1.091600000000001,1.091700000000001
1704268200,1.091700000000001,1.091800000000001,1.091500000000001,1.091600000000001
1704268500,1.091600000000001,1.091800000000001,1.091500000000001,1.091700000000001
1704268800,1.091700000000001,1.091900000000001,1.091600000000001,1.091800000000001
1704269100,1.091800000000001,1.091900000000001,1.091600000000001,1.091700000000001
1704269400,1.091700000000001,1.091800000000001,1.091500000000001,1.091600000000001
1704269700,1.091600000000001,1.091900000000001,1.091500000000001,1.091800000000001
1704270000,1.091800000000001,1.091900000000001,1.091600000000001,1.091700000000001
1704270300,1.091700000000001,1.091900000000001,1.091600000000001,1.091800000000001
1704270600,1.091800000000001,1.092000000000001,1.091700000000001,1.091900000000001
1704270900,1.091900000000001,1.092000000000001,1.091600000000001,1.091700000000001
1704271200,1.091700000000001,1.091900000000001,1.091600000000001,1.091800000000001
1704271500,1.091800000000001,1.092100000000001,1.091700000000001,1.092000000000001
1704271800,1.092000000000001,1.092100000000001,1.091800000000001,1.091900000000001
1704272100,1.091900000000001,1.092000000000001,1.091700000000001,1.091800000000001
1704272400,1.091800000000001,1.092100000000001,1.091700000000001,1.092000000000001
1704272700,1.092000000000001,1.092200000000001,1.091900000000001,1.092100000000001
1704273000,1.092100000000001,1.092200000000001,1.091900000000001,1.092000000000001
1704273300,1.092000000000001,1.092100000000001,1.091800000000001,1.091900000000001
1704273600,1.091900000000001,1.092200000000001,1.091800000000001,1.092100000000001
1704273900,1.092100000000001,1.092400000000001,1.092000000000001,1.092300000000001
1704274200,1.092300000000001,1.092600000000001,1.092200000000001,1.092500000000001
1704274500,1.092500000000001,1.092700000000001,1.092400000000001,1.092600000000001
1704274800,1.092600000000001,1.092700000000001,1.092400000000001,1.092500000000001
1704275100,1.092500000000001,1.0928000000000009,1.092400000000001,1.092700000000001
1704275400,1.092700000000001,1.0928000000000009,1.092400000000001,1.092500000000001
1704275700,1.092500000000001,1.0928000000000009,1.092400000000001,1.092700000000001
1704276000,1.092700000000001,1.0928000000000009,1.092400000000001,1.092500000000001
1704276300,1.092500000000001,1.092600000000001,1.092200000000001,1.092300000000001
1704276600,1.092300000000001,1.092400000000001,1.092000000000001,1.092100000000001
1704276900,1.092100000000001,1.092200000000001,1.091800000000001,1.091900000000001
1704277200,1.091900000000001,1.092100000000001,1.091800000000001,1.092000000000001
1704277500,1.092000000000001,1.092100000000001,1.091800000000001,1.091900000000001
1704277800,1.091900000000001,1.092000000000001,1.091600000000001,1.091700000000001
1704278100,1.091700000000001,1.092000000000001,1.091600000000001,1.091900000000001
1704278400,1.091900000000001,1.092000000000001,1.091700000000001,1.091800000000001
1704278700,1.091800000000001,1.092100000000001,1.091700000000001,1.092000000000001
1704279000,1.092000000000001,1.092200000000001,1.091900000000001,1.092100000000001
1704279300,1.092100000000001,1.092400000000001,1.092000000000001,1.092300000000001
1704279600,1.092300000000001,1.092500000000001,1.092200000000001,1.092400000000001
1704279900,1.092400000000001,1.092600000000001,1.092300000000001,1.092500000000001
1704280200,1.092500000000001,1.0928000000000009,1.092400000000001,1.092700000000001
1704280500,1.092700000000001,1.0929000000000009,1.092600000000001,1.0928000000000009
1704280800,1.0928000000000009,1.0930000000000009,1.092700000000001,1.0929000000000009
1704281100,1.0929000000000009,1.0930000000000009,1.092700000000001,1.0928000000000009
1704281400,1.0928000000000009,1.0931000000000008,1.092700000000001,1.0930000000000009
1704281700,1.0930000000000009,1.0931000000000008,1.0928000000000009,1.0929000000000009
1704282000,1.0929000000000009,1.0932000000000008,1.0928000000000009,1.0931000000000008
1704282300,1.0931000000000008,1.0933000000000008,1.0930000000000009,1.0932000000000008
1704282600,1.0932000000000008,1.0935000000000008,1.0931000000000008,1.0934000000000008
1704282900,1.0934000000000008,1.0935000000000008,1.0932000000000008,1.0933000000000008
1704283200,1.0933000000000008,1.0934000000000008,1.0931000000000008,1.0932000000000008
1704283500,1.0932000000000008,1.0933000000000008,1.0929000000000009,1.0930000000000009
1704283800,1.0930000000000009,1.0933000000000008,1.0929000000000009,1.0932000000000008
1704284100,1.0932000000000008,1.0933000000000008,1.0930000000000009,1.0931000000000008
1704284400,1.0931000000000008,1.0933000000000008,1.0930000000000009,1.0932000000000008
1704284700,1.0932000000000008,1.0933000000000008,1.0929000000000009,1.0930000000000009
1704285000,1.0930000000000009,1.0933000000000008,1.0929000000000009,1.0932000000000008
1704285300,1.0932000000000008,1.0935000000000008,1.0931000000000008,1.0934000000000008
1704285600,1.0934000000000008,1.0935000000000008,1.0931000000000008,1.0932000000000008
1704285900,1.0932000000000008,1.0933000000000008,1.0930000000000009,1.0931000000000008
1704286200,1.0931000000000008,1.0932000000000008,1.0928000000000009,1.0929000000000009
1704286500,1.0929000000000009,1.0932000000000008,1.0928000000000009,1.0931000000000008
1704286800,1.0931000000000008,1.0933000000000008,1.0930000000000009,1.0932000000000008
1704287100,1.0932000000000008,1.0933000000000008,1.0929000000000009,1.0930000000000009
1704287400,1.0930000000000009,1.0931000000000008,1.0928000000000009,1.0929000000000009
1704287700,1.0929000000000009,1.0930000000000009,1.092600000000001,1.092700000000001
1704288000,1.092700000000001,1.0928000000000009,1.092500000000001,1.092600000000001
1704288300,1.092600000000001,1.0928000000000009,1.092500000000001,1.092700000000001
1704288600,1.092700000000001,1.0929000000000009,1.092600000000001,1.0928000000000009
1704288900,1.0928000000000009,1.0929000000000009,1.092500000000001,1.092600000000001
1704289200,1.092600000000001,1.092700000000001,1.092400000000001,1.092500000000001
1704289500,1.092500000000001,1.0928000000000009,1.092400000000001,1.092700000000001
1704289800,1.092700000000001,1.0929000000000009,1.092600000000001,1.0928000000000009
1704290100,1.0928000000000009,1.0929000000000009,1.092500000000001,1.092600000000001
1704290400,1.092600000000001,1.0929000000000009,1.092500000000001,1.0928000000000009
1704290700,1.0928000000000009,1.0929000000000009,1.092600000000001,1.092700000000001
1704291000,1.092700000000001,1.0930000000000009,1.092600000000001,1.0929000000000009
1704291300,1.0929000000000009,1.0932000000000008,1.0928000000000009,1.0931000000000008
1704291600,1.0931000000000008,1.0934000000000008,1.0930000000000009,1.0933000000000008
1704291900,1.0933000000000008,1.0934000000000008,1.0930000000000009,1.0931000000000008
1704292200,1.0931000000000008,1.0932000000000008,1.0929000000000009,1.0930000000000009
1704292500,1.0930000000000009,1.0933000000000008,1.0929000000000009,1.0932000000000008
1704292800,1.0932000000000008,1.0934000000000008,1.0931000000000008,1.0933000000000008
1704293100,1.0933000000000008,1.0936000000000008,1.0932000000000008,1.0935000000000008
1704293400,1.0935000000000008,1.0936000000000008,1.0932000000000008,1.0933000000000008
1704293700,1.0933000000000008,1.0934000000000008,1.0930000000000009,1.0931000000000008
1704294000,1.0931000000000008,1.0932000000000008,1.0929000000000009,1.0930000000000009
1704294300,1.0930000000000009,1.0933000000000008,1.0929000000000009,1.0932000000000008
1704294600,1.0932000000000008,1.0933000000000008,1.0930000000000009,1.0931000000000008
1704294900,1.0931000000000008,1.0932000000000008,1.0928000000000009,1.0929000000000009
1704295200,1.0929000000000009,1.0931000000000008,1.0928000000000009,1.0930000000000009
1704295500,1.0930000000000009,1.0931000000000008,1.092700000000001,1.0928000000000009
1704295800,1.0928000000000009,1.0929000000000009,1.092500000000001,1.092600000000001
1704296100,1.092600000000001,1.0928000000000009,1.092500000000001,1.092700000000001
1704296400,1.092700000000001,1.0928000000000009,1.092400000000001,1.092500000000001
1704296700,1.092500000000001,1.092600000000001,1.092200000000001,1.092300000000001
1704297000,1.092300000000001,1.092400000000001,1.092100000000001,1.092200000000001
1704297300,1.092200000000001,1.092400000000001,1.092100000000001,1.092300000000001
1704297600,1.092300000000001,1.092400000000001,1.092100000000001,1.092200000000001
1704297900,1.092200000000001,1.092500000000001,1.092100000000001,1.092400000000001
1704298200,1.092400000000001,1.092600000000001,1.092300000000001,1.092500000000001
1704298500,1.092500000000001,1.092700000000001,1.092400000000001,1.092600000000001
1704298800,1.092600000000001,1.092700000000001,1.092400000000001,1.092500000000001
1704299100,1.092500000000001,1.092600000000001,1.092300000000001,1.092400000000001
1704299400,1.092400000000001,1.092600000000001,1.092300000000001,1.092500000000001
1704299700,1.092500000000001,1.092600000000001,1.092200000000001,1.092300000000001
1704300000,1.092300000000001,1.092400000000001,1.092100000000001,1.092200000000001
1704300300,1.092200000000001,1.092400000000001,1.092100000000001,1.092300000000001
1704300600,1.092300000000001,1.092600000000001,1.092200000000001,1.092500000000001
1704300900,1.092500000000001,1.092600000000001,1.092200000000001,1.092300000000001
1704301200,1.092300000000001,1.092600000000001,1.092200000000001,1.092500000000001
1704301500,1.092500000000001,1.092600000000001,1.092300000000001,1.092400000000001
1704301800,1.092400000000001,1.092500000000001,1.092200000000001,1.092300000000001
1704302100,1.092300000000001,1.092400000000001,1.092000000000001,1.092100000000001
1704302400,1.092100000000001,1.092200000000001,1.091800000000001,1.091900000000001
1704302700,1.091900000000001,1.092200000000001,1.091800000000001,1.092100000000001
1704303000,1.092100000000001,1.092200000000001,1.091900000000001,1.092000000000001
1704303300,1.092000000000001,1.092300000000001,1.091900000000001,1.092200000000001
1704303600,1.092200000000001,1.092500000000001,1.092100000000001,1.092400000000001
1704303900,1.092400000000001,1.092600000000001,1.092300000000001,1.092500000000001
1704304200,1.092500000000001,1.0928000000000009,1.092400000000001,1.092700000000001
1704304500,1.092700000000001,1.0928000000000009,1.092400000000001,1.092500000000001
1704304800,1.092500000000001,1.092700000000001,1.092400000000001,1.092600000000001
1704305100,1.092600000000001,1.092700000000001,1.092400000000001,1.092500000000001
1704305400,1.092500000000001,1.092600000000001,1.092200000000001,1.092300000000001
1704305700,1.092300000000001,1.092400000000001,1.092000000000001,1.092100000000001
1704306000,1.092100000000001,1.092300000000001,1.092000000000001,1.092200000000001
1704306300,1.092200000000001,1.092300000000001,1.091900000000001,1.092000000000001
1704306600,1.092000000000001,1.092300000000001,1.091900000000001,1.092200000000001
1704306900,1.092200000000001,1.092500000000001,1.092100000000001,1.092400000000001
1704307200,1.092400000000001,1.092500000000001,1.092200000000001,1.092300000000001
1704307500,1.092300000000001,1.092400000000001,1.092100000000001,1.092200000000001
1704307800,1.092200000000001,1.092300000000001,1.092000000000001,1.092100000000001
1704308100,1.092100000000001,1.092200000000001,1.091900000000001,1.092000000000001
1704308400,1.092000000000001,1.092100000000001,1.091800000000001,1.091900000000001
1704308700,1.091900000000001,1.092200000000001,1.091800000000001,1.092100000000001
1704309000,1.092100000000001,1.092200000000001,1.091800000000001,1.091900000000001
1704309300,1.091900000000001,1.092100000000001,1.091800000000001,1.092000000000001
1704309600,1.092000000000001,1.092200000000001,1.091900000000001,1.092100000000001
1704309900,1.092100000000001,1.092300000000001,1.092000000000001,1.092200000000001
1704310200,1.092200000000001,1.092500000000001,1.092100000000001,1.092400000000001
1704310500,1.092400000000001,1.092500000000001,1.092100000000001,1.092200000000001
1704310800,1.092200000000001,1.092300000000001,1.091900000000001,1.092000000000001
1704311100,1.092000000000001,1.092100000000001,1.091700000000001,1.091800000000001
1704311400,1.091800000000001,1.092100000000001,1.091700000000001,1.092000000000001
1704311700,1.092000000000001,1.092200000000001,1.091900000000001,1.092100000000001
1704312000,1.092100000000001,1.092400000000001,1.092000000000001,1.092300000000001
1704312300,1.092300000000001,1.092500000000001,1.092200000000001,1.092400000000001
1704312600,1.092400000000001,1.092600000000001,1.092300000000001,1.092500000000001
1704312900,1.092500000000001,1.092600000000001,1.092300000000001,1.092400000000001
1704313200,1.092400000000001,1.092600000000001,1.092300000000001,1.092500000000001
1704313500,1.092500000000001,1.092600000000001,1.092200000000001,1.092300000000001
1704313800,1.092300000000001,1.092400000000001,1.092100000000001,1.092200000000001
1704314100,1.092200000000001,1.092500000000001,1.092100000000001,1.092400000000001
1704314400,1.092400000000001,1.092700000000001,1.092300000000001,1.092600000000001
1704314700,1.092600000000001,1.092700000000001,1.092300000000001,1.092400000000001
1704315000,1.092400000000001,1.092500000000001,1.092100000000001,1.092200000000001
1704315300,1.092200000000001,1.092500000000001,1.092100000000001,1.092400000000001
1704315600,1.092400000000001,1.092700000000001,1.092300000000001,1.092600000000001
1704315900,1.092600000000001,1.092700000000001,1.092300000000001,1.092400000000001
1704316200,1.092400000000001,1.092500000000001,1.092100000000001,1.092200000000001
1704316500,1.092200000000001,1.092500000000001,1.092100000000001,1.092400000000001
1704316800,1.092400000000001,1.092600000000001,1.092300000000001,1.092500000000001
1704317100,1.092500000000001,1.092600000000001,1.092300000000001,1.092400000000001
1704317400,1.092400000000001,1.092500000000001,1.092200000000001,1.092300000000001
1704317700,1.092300000000001,1.092500000000001,1.092200000000001,1.092400000000001
1704318000,1.092400000000001,1.092700000000001,1.092300000000001,1.092600000000001
1704318300,1.092600000000001,1.092700000000001,1.092300000000001,1.092400000000001
1704318600,1.092400000000001,1.092500000000001,1.092100000000001,1.092200000000001
1704318900,1.092200000000001,1.092300000000001,1.091900000000001,1.092000000000001
1704319200,1.092000000000001,1.092200000000001,1.091900000000001,1.092100000000001
1704319500,1.092100000000001,1.092300000000001,1.092000000000001,1.092200000000001
1704319800,1.092200000000001,1.092300000000001,1.091900000000001,1.092000000000001
1704320100,1.092000000000001,1.092300000000001,1.091900000000001,1.092200000000001
1704320400,1.092200000000001,1.092500000000001,1.092100000000001,1.092400000000001
1704320700,1.092400000000001,1.092600000000001,1.092300000000001,1.092500000000001
1704321000,1.092500000000001,1.092700000000001,1.092400000000001,1.092600000000001
1704321300,1.092600000000001,1.092700000000001,1.092300000000001,1.092400000000001
1704321600,1.092400000000001,1.092700000000001,1.092300000000001,1.092600000000001
1704321900,1.092600000000001,1.092700000000001,1.092300000000001,1.092400000000001
1704322200,1.092400000000001,1.092600000000001,1.092300000000001,1.092500000000001
1704322500,1.092500000000001,1.092600000000001,1.092300000000001,1.092400000000001
1704322800,1.092400000000001,1.092600000000001,1.092300000000001,1.092500000000001
1704323100,1.092500000000001,1.092600000000001,1.092200000000001,1.092300000000001
1704323400,1.092300000000001,1.092400000000001,1.092000000000001,1.092100000000001
1704323700,1.092100000000001,1.092200000000001,1.091800000000001,1.091900000000001
1704324000,1.091900000000001,1.092000000000001,1.091700000000001,1.091800000000001
1704324300,1.091800000000001,1.091900000000001,1.091600000000001,1.091700000000001
1704324600,1.091700000000001,1.091800000000001,1.091500000000001,1.091600000000001
1704324900,1.091600000000001,1.091800000000001,1.091500000000001,1.091700000000001
1704325200,1.091700000000001,1.092000000000001,1.091600000000001,1.091900000000001
1704325500,1.091900000000001,1.092100000000001,1.091800000000001,1.092000000000001
1704325800,1.092000000000001,1.092300000000001,1.091900000000001,1.092200000000001
1704326100,1.092200000000001,1.092500000000001,1.092100000000001,1.092400000000001
1704326400,1.092400000000001,1.092500000000001,1.092100000000001,1.092200000000001
1704326700,1.092200000000001,1.092300000000001,1.091900000000001,1.092000000000001
1704327000,1.092000000000001,1.092100000000001,1.091800000000001,1.091900000000001
1704327300,1.091900000000001,1.092000000000001,1.091600000000001,1.091700000000001
1704327600,1.091700000000001,1.091800000000001,1.091500000000001,1.091600000000001
1704327900,1.091600000000001,1.091800000000001,1.091500000000001,1.091700000000001
1704328200,1.091700000000001,1.091900000000001,1.091600000000001,1.091800000000001
1704328500,1.091800000000001,1.092000000000001,1.091700000000001,1.091900000000001
1704328800,1.091900000000001,1.092000000000001,1.091700000000001,1.091800000000001
1704329100,1.091800000000001,1.091900000000001,1.091500000000001,1.091600000000001
1704329400,1.091600000000001,1.091800000000001,1.091500000000001,1.091700000000001
1704329700,1.091700000000001,1.091900000000001,1.091600000000001,1.091800000000001
1704330000,1.091800000000001,1.092100000000001,1.091700000000001,1.092000000000001
1704330300,1.092000000000001,1.092100000000001,1.091700000000001,1.091800000000001
1704330600,1.091800000000001,1.091900000000001,1.091600000000001,1.091700000000001
1704330900,1.091700000000001,1.092000000000001,1.091600000000001,1.091900000000001
1704331200,1.091900000000001,1.092100000000001,1.091800000000001,1.092000000000001
1704331500,1.092000000000001,1.092100000000001,1.091800000000001,1.091900000000001
1704331800,1.091900000000001,1.092000000000001,1.091700000000001,1.091800000000001
1704332100,1.091800000000001,1.092100000000001,1.091700000000001,1.092000000000001
1704332400,1.092000000000001,1.092200000000001,1.091900000000001,1.092100000000001
1704332700,1.092100000000001,1.092200000000001,1.091900000000001,1.092000000000001
1704333000,1.092000000000001,1.092100000000001,1.091700000000001,1.091800000000001
1704333300,1.091800000000001,1.091900000000001,1.091600000000001,1.091700000000001
1704333600,1.091700000000001,1.092000000000001,1.091600000000001,1.091900000000001
1704333900,1.091900000000001,1.092000000000001,1.091600000000001,1.091700000000001
1704334200,1.091700000000001,1.091900000000001,1.091600000000001,1.091800000000001
1704334500,1.091800000000001,1.091900000000001,1.091600000000001,1.091700000000001
1704334800,1.091700000000001,1.092000000000001,1.091600000000001,1.091900000000001
1704335100,1.091900000000001,1.092100000000001,1.091800000000001,1.092000000000001
1704335400,1.092000000000001,1.092100000000001,1.091700000000001,1.091800000000001
1704335700,1.091800000000001,1.092000000000001,1.091700000000001,1.091900000000001
1704336000,1.091900000000001,1.092100000000001,1.091800000000001,1.092000000000001
1704336300,1.092000000000001,1.092300000000001,1.091900000000001,1.092200000000001
1704336600,1.092200000000001,1.092400000000001,1.092100000000001,1.092300000000001
1704336900,1.092300000000001,1.092400000000001,1.092100000000001,1.092200000000001
1704337200,1.092200000000001,1.092400000000001,1.092100000000001,1.092300000000001
1704337500,1.092300000000001,1.092400000000001,1.092000000000001,1.092100000000001
1704337800,1.092100000000001,1.092200000000001,1.091900000000001,1.092000000000001
1704338100,1.092000000000001,1.092200000000001,1.091900000000001,1.092100000000001
1704338400,1.092100000000001,1.092200000000001,1.091800000000001,1.091900000000001
1704338700,1.091900000000001,1.092000000000001,1.091700000000001,1.091800000000001
1704339000,1.091800000000001,1.092100000000001,1.091700000000001,1.092000000000001
1704339300,1.092000000000001,1.092100000000001,1.091800000000001,1.091900000000001
1704339600,1.091900000000001,1.092000000000001,1.091600000000001,1.091700000000001
1704339900,1.091700000000001,1.092000000000001,1.091600000000001,1.091900000000001
1704340200,1.091900000000001,1.092000000000001,1.091600000000001,1.091700000000001
1704340500,1.091700000000001,1.091800000000001,1.091500000000001,1.091600000000001
1704340800,1.091600000000001,1.091700000000001,1.091400000000001,1.091500000000001
1704341100,1.091500000000001,1.091600000000001,1.091200000000001,1.091300000000001
1704341400,1.091300000000001,1.091400000000001,1.091100000000001,1.091200000000001
1704341700,1.091200000000001,1.091400000000001,1.091100000000001,1.091300000000001
1704342000,1.091300000000001,1.091600000000001,1.091200000000001,1.091500000000001
1704342300,1.091500000000001,1.091800000000001,1.091400000000001,1.091700000000001
1704342600,1.091700000000001,1.091900000000001,1.091600000000001,1.091800000000001
1704342900,1.091800000000001,1.092100000000001,1.091700000000001,1.092000000000001
1704343200,1.092000000000001,1.092300000000001,1.091900000000001,1.092200000000001
1704343500,1.092200000000001,1.092500000000001,1.092100000000001,1.092400000000001
1704343800,1.092400000000001,1.092700000000001,1.092300000000001,1.092600000000001
1704344100,1.092600000000001,1.0928000000000009,1.092500000000001,1.092700000000001
1704344400,1.092700000000001,1.0929000000000009,1.092600000000001,1.0928000000000009
1704344700,1.0928000000000009,1.0930000000000009,1.092700000000001,1.0929000000000009
1704345000,1.0929000000000009,1.0932000000000008,1.0928000000000009,1.0931000000000008
1704345300,1.0931000000000008,1.0932000000000008,1.0928000000000009,1.0929000000000009
1704345600,1.0929000000000009,1.0930000000000009,1.092600000000001,1.092700000000001
1704345900,1.092700000000001,1.0929000000000009,1.092600000000001,1.0928000000000009
1704346200,1.0928000000000009,1.0929000000000009,1.092500000000001,1.092600000000001
1704346500,1.092600000000001,1.0928000000000009,1.092500000000001,1.092700000000001
1704346800,1.092700000000001,1.0929000000000009,1.092600000000001,1.0928000000000009
1704347100,1.0928000000000009,1.0930000000000009,1.092700000000001,1.0929000000000009
1704347400,1.0929000000000009,1.0930000000000009,1.092600000000001,1.092700000000001
1704347700,1.092700000000001,1.0929000000000009,1.092600000000001,1.0928000000000009
1704348000,1.0928000000000009,1.0929000000000009,1.092600000000001,1.092700000000001
1704348300,1.092700000000001,1.0930000000000009,1.092600000000001,1.0929000000000009
1704348600,1.0929000000000009,1.0932000000000008,1.0928000000000009,1.0931000000000008
1704348900,1.0931000000000008,1.0933000000000008,1.0930000000000009,1.0932000000000008
1704349200,1.0932000000000008,1.0934000000000008,1.0931000000000008,1.0933000000000008
1704349500,1.0933000000000008,1.0935000000000008,1.0932000000000008,1.0934000000000008
1704349800,1.0934000000000008,1.0936000000000008,1.0933000000000008,1.0935000000000008
1704350100,1.0935000000000008,1.0936000000000008,1.0933000000000008,1.0934000000000008
1704350400,1.0934000000000008,1.0935000000000008,1.0931000000000008,1.0932000000000008
1704350700,1.0932000000000008,1.0935000000000008,1.0931000000000008,1.0934000000000008
1704351000,1.0934000000000008,1.0935000000000008,1.0932000000000008,1.0933000000000008
1704351300,1.0933000000000008,1.0934000000000008,1.0931000000000008,1.0932000000000008
1704351600,1.0932000000000008,1.0934000000000008,1.0931000000000008,1.0933000000000008
1704351900,1.0933000000000008,1.0936000000000008,1.0932000000000008,1.0935000000000008
1704352200,1.0935000000000008,1.0936000000000008,1.0933000000000008,1.0934000000000008
1704352500,1.0934000000000008,1.0935000000000008,1.0932000000000008,1.0933000000000008
1704352800,1.0933000000000008,1.0935000000000008,1.0932000000000008,1.0934000000000008
1704353100,1.0934000000000008,1.0936000000000008,1.0933000000000008,1.0935000000000008
1704353400,1.0935000000000008,1.0938000000000008,1.0934000000000008,1.0937000000000008
1704353700,1.0937000000000008,1.0940000000000007,1.0936000000000008,1.0939000000000008
1704354000,1.0939000000000008,1.0940000000000007,1.0937000000000008,1.0938000000000008
1704354300,1.0938000000000008,1.0940000000000007,1.0937000000000008,1.0939000000000008
1704354600,1.0939000000000008,1.0940000000000007,1.0937000000000008,1.0938000000000008
1704354900,1.0938000000000008,1.0939000000000008,1.0935000000000008,1.0936000000000008
1704355200,1.0936000000000008,1.0937000000000008,1.0934000000000008,1.0935000000000008
1704355500,1.0935000000000008,1.0936000000000008,1.0932000000000008,1.0933000000000008
1704355800,1.0933000000000008,1.0934000000000008,1.0930000000000009,1.0931000000000008
1704356100,1.0931000000000008,1.0933000000000008,1.0930000000000009,1.0932000000000008
1704356400,1.0932000000000008,1.0935000000000008,1.0931000000000008,1.0934000000000008
1704356700,1.0934000000000008,1.0935000000000008,1.0932000000000008,1.0933000000000008
1704357000,1.0933000000000008,1.0934000000000008,1.0931000000000008,1.0932000000000008
1704357300,1.0932000000000008,1.0935000000000008,1.0931000000000008,1.0934000000000008
1704357600,1.0934000000000008,1.0937000000000008,1.0933000000000008,1.0936000000000008
1704357900,1.0936000000000008,1.0939000000000008,1.0935000000000008,1.0938000000000008
1704358200,1.0938000000000008,1.0939000000000008,1.0935000000000008,1.0936000000000008
1704358500,1.0936000000000008,1.0939000000000008,1.0935000000000008,1.0938000000000008
1704358800,1.0938000000000008,1.0939000000000008,1.0936000000000008,1.0937000000000008
1704359100,1.0937000000000008,1.0938000000000008,1.0934000000000008,1.0935000000000008
1704359400,1.0935000000000008,1.0936000000000008,1.0933000000000008,1.0934000000000008
1704359700,1.0934000000000008,1.0935000000000008,1.0932000000000008,1.0933000000000008
1704360000,1.0933000000000008,1.0934000000000008,1.0930000000000009,1.0931000000000008
1704360300,1.0931000000000008,1.0933000000000008,1.0930000000000009,1.0932000000000008
1704360600,1.0932000000000008,1.0933000000000008,1.0929000000000009,1.0930000000000009
1704360900,1.0930000000000009,1.0933000000000008,1.0929000000000009,1.0932000000000008
1704361200,1.0932000000000008,1.0933000000000008,1.0929000000000009,1.0930000000000009
1704361500,1.0930000000000009,1.0931000000000008,1.092700000000001,1.0928000000000009
1704361800,1.0928000000000009,1.0929000000000009,1.092600000000001,1.092700000000001
1704362100,1.092700000000001,1.0929000000000009,1.092600000000001,1.0928000000000009
1704362400,1.0928000000000009,1.0930000000000009,1.092700000000001,1.0929000000000009
1704362700,1.0929000000000009,1.0930000000000009,1.092600000000001,1.092700000000001
1704363000,1.092700000000001,1.0929000000000009,1.092600000000001,1.0928000000000009
1704363300,1.0928000000000009,1.0931000000000008,1.092700000000001,1.0930000000000009
1704363600,1.0930000000000009,1.0933000000000008,1.0929000000000009,1.0932000000000008
1704363900,1.0932000000000008,1.0933000000000008,1.0929000000000009,1.0930000000000009
1704364200,1.0930000000000009,1.0931000000000008,1.092700000000001,1.0928000000000009
1704364500,1.0928000000000009,1.0929000000000009,1.092600000000001,1.092700000000001
1704364800,1.092700000000001,1.0928000000000009,1.092400000000001,1.092500000000001
1704365100,1.092500000000001,1.092700000000001,1.092400000000001,1.092600000000001
1704365400,1.092600000000001,1.092700000000001,1.092400000000001,1.092500000000001
1704365700,1.092500000000001,1.092600000000001,1.092300000000001,1.092400000000001
1704366000,1.092400000000001,1.092600000000001,1.092300000000001,1.092500000000001
1704366300,1.092500000000001,1.092700000000001,1.092400000000001,1.092600000000001
1704366600,1.092600000000001,1.0928000000000009,1.092500000000001,1.092700000000001
1704366900,1.092700000000001,1.0928000000000009,1.092400000000001,1.092500000000001
1704367200,1.092500000000001,1.092700000000001,1.092400000000001,1.092600000000001
1704367500,1.092600000000001,1.092700000000001,1.092300000000001,1.092400000000001
1704367800,1.092400000000001,1.092500000000001,1.092200000000001,1.092300000000001
1704368100,1.092300000000001,1.092500000000001,1.092200000000001,1.092400000000001
1704368400,1.092400000000001,1.092500000000001,1.092200000000001,1.092300000000001
1704368700,1.092300000000001,1.092500000000001,1.092200000000001,1.092400000000001
1704369000,1.092400000000001,1.092700000000001,1.092300000000001,1.092600000000001
1704369300,1.092600000000001,1.092700000000001,1.092300000000001,1.092400000000001
1704369600,1.092400000000001,1.092700000000001,1.092300000000001,1.092600000000001
1704369900,1.092600000000001,1.092700000000001,1.092400000000001,1.092500000000001
1704370200,1.092500000000001,1.092600000000001,1.092200000000001,1.092300000000001
1704370500,1.092300000000001,1.092500000000001,1.092200000000001,1.092400000000001
1704370800,1.092400000000001,1.092500000000001,1.092100000000001,1.092200000000001
1704371100,1.092200000000001,1.092400000000001,1.092100000000001,1.092300000000001
1704371400,1.092300000000001,1.092600000000001,1.092200000000001,1.092500000000001
1704371700,1.092500000000001,1.0928000000000009,1.092400000000001,1.092700000000001
1704372000,1.092700000000001,1.0929000000000009,1.092600000000001,1.0928000000000009
1704372300,1.0928000000000009,1.0930000000000009,1.092700000000001,1.0929000000000009
1704372600,1.0929000000000009,1.0931000000000008,1.0928000000000009,1.0930000000000009
1704372900,1.0930000000000009,1.0932000000000008,1.0929000000000009,1.0931000000000008
1704373200,1.0931000000000008,1.0933000000000008,1.0930000000000009,1.0932000000000008
1704373500,1.0932000000000008,1.0934000000000008,1.0931000000000008,1.0933000000000008
1704373800,1.0933000000000008,1.0934000000000008,1.0931000000000008,1.0932000000000008
1704374100,1.0932000000000008,1.0933000000000008,1.0930000000000009,1.0931000000000008
1704374400,1.0931000000000008,1.0932000000000008,1.0929000000000009,1.0930000000000009
1704374700,1.0930000000000009,1.0931000000000008,1.0928000000000009,1.0929000000000009
1704375000,1.0929000000000009,1.0931000000000008,1.0928000000000009,1.0930000000000009
1704375300,1.0930000000000009,1.0931000000000008,1.092700000000001,1.0928000000000009
1704375600,1.0928000000000009,1.0931000000000008,1.092700000000001,1.0930000000000009
1704375900,1.0930000000000009,1.0931000000000008,1.092700000000001,1.0928000000000009
1704376200,1.0928000000000009,1.0929000000000009,1.092600000000001,1.092700000000001
1704376500,1.092700000000001,1.0928000000000009,1.092500000000001,1.092600000000001
1704376800,1.092600000000001,1.092700000000001,1.092300000000001,1.092400000000001
1704377100,1.092400000000001,1.092500000000001,1.092200000000001,1.092300000000001
1704377400,1.092300000000001,1.092600000000001,1.092200000000001,1.092500000000001
1704377700,1.092500000000001,1.092600000000001,1.092300000000001,1.092400000000001
1704378000,1.092400000000001,1.092700000000001,1.092300000000001,1.092600000000001
1704378300,1.092600000000001,1.0928000000000009,1.092500000000001,1.092700000000001
1704378600,1.092700000000001,1.0928000000000009,1.092400000000001,1.092500000000001
1704378900,1.092500000000001,1.092600000000001,1.092200000000001,1.092300000000001
1704379200,1.092300000000001,1.092400000000001,1.092100000000001,1.092200000000001
1704379500,1.092200000000001,1.092400000000001,1.092100000000001,1.092300000000001
1704379800,1.092300000000001,1.092500000000001,1.092200000000001,1.092400000000001
1704380100,1.092400000000001,1.092500000000001,1.092100000000001,1.092200000000001
1704380400,1.092200000000001,1.092400000000001,1.092100000000001,1.092300000000001
1704380700,1.092300000000001,1.092400000000001,1.092100000000001,1.092200000000001
1704381000,1.092200000000001,1.092300000000001,1.091900000000001,1.092000000000001
1704381300,1.092000000000001,1.092300000000001,1.091900000000001,1.092200000000001
1704381600,1.092200000000001,1.092400000000001,1.092100000000001,1.092300000000001
1704381900,1.092300000000001,1.092600000000001,1.092200000000001,1.092500000000001
1704382200,1.092500000000001,1.092600000000001,1.092200000000001,1.092300000000001
1704382500,1.092300000000001,1.092400000000001,1.092100000000001,1.092200000000001
1704382800,1.092200000000001,1.092500000000001,1.092100000000001,1.092400000000001
1704383100,1.092400000000001,1.092500000000001,1.092100000000001,1.092200000000001
1704383400,1.092200000000001,1.092300000000001,1.092000000000001,1.092100000000001
1704383700,1.092100000000001,1.092200000000001,1.091900000000001,1.092000000000001
1704384000,1.092000000000001,1.092300000000001,1.091900000000001,1.092200000000001
1704384300,1.092200000000001,1.092300000000001,1.092000000000001,1.092100000000001
1704384600,1.092100000000001,1.092400000000001,1.092000000000001,1.092300000000001
1704384900,1.092300000000001,1.092400000000001,1.092100000000001,1.092200000000001
1704385200,1.092200000000001,1.092500000000001,1.092100000000001,1.092400000000001
1704385500,1.092400000000001,1.092500000000001,1.092100000000001,1.092200000000001
1704385800,1.092200000000001,1.092300000000001,1.091900000000001,1.092000000000001
1704386100,1.092000000000001,1.092300000000001,1.091900000000001,1.092200000000001
1704386400,1.092200000000001,1.092400000000001,1.092100000000001,1.092300000000001
1704386700,1.092300000000001,1.092400000000001,1.092100000000001,1.092200000000001
1704387000,1.092200000000001,1.092500000000001,1.092100000000001,1.092400000000001
1704387300,1.092400000000001,1.092700000000001,1.092300000000001,1.092600000000001
1704387600,1.092600000000001,1.0929000000000009,1.092500000000001,1.0928000000000009
1704387900,1.0928000000000009,1.0929000000000009,1.092600000000001,1.092700000000001
1704388200,1.092700000000001,1.0930000000000009,1.092600000000001,1.0929000000000009
1704388500,1.0929000000000009,1.0931000000000008,1.0928000000000009,1.0930000000000009
1704388800,1.0930000000000009,1.0932000000000008,1.0929000000000009,1.0931000000000008
1704389100,1.0931000000000008,1.0933000000000008,1.0930000000000009,1.0932000000000008
1704389400,1.0932000000000008,1.0933000000000008,1.0929000000000009,1.0930000000000009
1704389700,1.0930000000000009,1.0931000000000008,1.092700000000001,1.0928000000000009
1704390000,1.0928000000000009,1.0929000000000009,1.092500000000001,1.092600000000001
1704390300,1.092600000000001,1.092700000000001,1.092300000000001,1.092400000000001
1704390600,1.092400000000001,1.092700000000001,1.092300000000001,1.092600000000001
1704390900,1.092600000000001,1.092700000000001,1.092400000000001,1.092500000000001
1704391200,1.092500000000001,1.092600000000001,1.092300000000001,1.092400000000001
1704391500,1.092400000000001,1.092700000000001,1.092300000000001,1.092600000000001
1704391800,1.092600000000001,1.0928000000000009,1.092500000000001,1.092700000000001
1704392100,1.092700000000001,1.0929000000000009,1.092600000000001,1.0928000000000009
1704392400,1.0928000000000009,1.0930000000000009,1.092700000000001,1.0929000000000009
1704392700,1.0929000000000009,1.0931000000000008,1.0928000000000009,1.0930000000000009
1704393000,1.0930000000000009,1.0931000000000008,1.0928000000000009,1.0929000000000009
1704393300,1.0929000000000009,1.0930000000000009,1.092600000000001,1.092700000000001
1704393600,1.092700000000001,1.0928000000000009,1.092500000000001,1.092600000000001
1704393900,1.092600000000001,1.092700000000001,1.092300000000001,1.092400000000001
1704394200,1.092400000000001,1.092500000000001,1.092100000000001,1.092200000000001
1704394500,1.092200000000001,1.092300000000001,1.091900000000001,1.092000000000001
1704394800,1.092000000000001,1.092100000000001,1.091800000000001,1.091900000000001
1704395100,1.091900000000001,1.092100000000001,1.091800000000001,1.092000000000001
1704395400,1.092000000000001,1.092300000000001,1.091900000000001,1.092200000000001
1704395700,1.092200000000001,1.092300000000001,1.092000000000001,1.092100000000001
1704396000,1.092100000000001,1.092200000000001,1.091900000000001,1.092000000000001
1704396300,1.092000000000001,1.092100000000001,1.091800000000001,1.091900000000001
1704396600,1.091900000000001,1.092000000000001,1.091700000000001,1.091800000000001
1704396900,1.091800000000001,1.091900000000001,1.091500000000001,1.091600000000001
1704397200,1.091600000000001,1.091900000000001,1.091500000000001,1.091800000000001
1704397500,1.091800000000001,1.091900000000001,1.091500000000001,1.091600000000001
1704397800,1.091600000000001,1.091700000000001,1.091300000000001,1.091400000000001
1704398100,1.091400000000001,1.091500000000001,1.091100000000001,1.091200000000001
1704398400,1.091200000000001,1.091300000000001,1.090900000000001,1.091000000000001
1704398700,1.091000000000001,1.091100000000001,1.090800000000001,1.090900000000001
1704399000,1.090900000000001,1.091000000000001,1.0907000000000011,1.090800000000001
1704399300,1.090800000000001,1.090900000000001,1.0905000000000011,1.0906000000000011
1704399600,1.0906000000000011,1.0907000000000011,1.0903000000000012,1.0904000000000011
1704399900,1.0904000000000011,1.0905000000000011,1.0902000000000012,1.0903000000000012
1704400200,1.0903000000000012,1.0904000000000011,1.0900000000000012,1.0901000000000012
1704400500,1.0901000000000012,1.0903000000000012,1.0900000000000012,1.0902000000000012
1704400800,1.0902000000000012,1.0903000000000012,1.0900000000000012,1.0901000000000012
1704401100,1.0901000000000012,1.0904000000000011,1.0900000000000012,1.0903000000000012
1704401400,1.0903000000000012,1.0904000000000011,1.0901000000000012,1.0902000000000012
1704401700,1.0902000000000012,1.0904000000000011,1.0901000000000012,1.0903000000000012
1704402000,1.0903000000000012,1.0905000000000011,1.0902000000000012,1.0904000000000011
1704402300,1.0904000000000011,1.0905000000000011,1.0902000000000012,1.0903000000000012
1704402600,1.0903000000000012,1.0904000000000011,1.0900000000000012,1.0901000000000012
1704402900,1.0901000000000012,1.0902000000000012,1.0899000000000012,1.0900000000000012
1704403200,1.0900000000000012,1.0901000000000012,1.0898000000000012,1.0899000000000012
1704403500,1.0899000000000012,1.0901000000000012,1.0898000000000012,1.0900000000000012
1704403800,1.0900000000000012,1.0902000000000012,1.0899000000000012,1.0901000000000012
1704404100,1.0901000000000012,1.0904000000000011,1.0900000000000012,1.0903000000000012
1704404400,1.0903000000000012,1.0906000000000011,1.0902000000000012,1.0905000000000011
1704404700,1.0905000000000011,1.090800000000001,1.0904000000000011,1.0907000000000011
1704405000,1.0907000000000011,1.090800000000001,1.0904000000000011,1.0905000000000011
1704405300,1.0905000000000011,1.0907000000000011,1.0904000000000011,1.0906000000000011
1704405600,1.0906000000000011,1.0907000000000011,1.0904000000000011,1.0905000000000011
1704405900,1.0905000000000011,1.090800000000001,1.0904000000000011,1.0907000000000011
1704406200,1.0907000000000011,1.091000000000001,1.0906000000000011,1.090900000000001
1704406500,1.090900000000001,1.091200000000001,1.090800000000001,1.091100000000001
1704406800,1.091100000000001,1.091300000000001,1.091000000000001,1.091200000000001
1704407100,1.091200000000001,1.091300000000001,1.091000000000001,1.091100000000001
1704407400,1.091100000000001,1.091400000000001,1.091000000000001,1.091300000000001
1704407700,1.091300000000001,1.091600000000001,1.091200000000001,1.091500000000001
1704408000,1.091500000000001,1.091700000000001,1.091400000000001,1.091600000000001
1704408300,1.091600000000001,1.091700000000001,1.091400000000001,1.091500000000001
1704408600,1.091500000000001,1.091700000000001,1.091400000000001,1.091600000000001
1704408900,1.091600000000001,1.091800000000001,1.091500000000001,1.091700000000001
1704409200,1.091700000000001,1.091800000000001,1.091400000000001,1.091500000000001
1704409500,1.091500000000001,1.091800000000001,1.091400000000001,1.091700000000001
1704409800,1.091700000000001,1.091900000000001,1.091600000000001,1.091800000000001
1704410100,1.091800000000001,1.092100000000001,1.091700000000001,1.092000000000001
1704410400,1.092000000000001,1.092300000000001,1.091900000000001,1.092200000000001
1704410700,1.092200000000001,1.092500000000001,1.092100000000001,1.092400000000001
1704411000,1.092400000000001,1.092500000000001,1.092200000000001,1.092300000000001
1704411300,1.092300000000001,1.092500000000001,1.092200000000001,1.092400000000001
1704411600,1.092400000000001,1.092500000000001,1.092100000000001,1.092200000000001
1704411900,1.092200000000001,1.092500000000001,1.092100000000001,1.092400000000001
1704412200,1.092400000000001,1.092500000000001,1.092100000000001,1.092200000000001
1704412500,1.092200000000001,1.092300000000001,1.091900000000001,1.092000000000001
1704412800,1.092000000000001,1.092100000000001,1.091700000000001,1.091800000000001
1704413100,1.091800000000001,1.091900000000001,1.091500000000001,1.091600000000001
1704413400,1.091600000000001,1.091700000000001,1.091300000000001,1.091400000000001
1704413700,1.091400000000001,1.091500000000001,1.091100000000001,1.091200000000001
1704414000,1.091200000000001,1.091500000000001,1.091100000000001,1.091400000000001
1704414300,1.091400000000001,1.091600000000001,1.091300000000001,1.091500000000001
1704414600,1.091500000000001,1.091600000000001,1.091300000000001,1.091400000000001
1704414900,1.091400000000001,1.091700000000001,1.091300000000001,1.091600000000001
1704415200,1.091600000000001,1.091800000000001,1.091500000000001,1.091700000000001
1704415500,1.091700000000001,1.091800000000001,1.091400000000001,1.091500000000001
1704415800,1.091500000000001,1.091700000000001,1.091400000000001,1.091600000000001
1704416100,1.091600000000001,1.091900000000001,1.091500000000001,1.091800000000001
1704416400,1.091800000000001,1.091900000000001,1.091500000000001,1.091600000000001
1704416700,1.091600000000001,1.091700000000001,1.091300000000001,1.091400000000001
1704417000,1.091400000000001,1.091500000000001,1.091200000000001,1.091300000000001
1704417300,1.091300000000001,1.091400000000001,1.091000000000001,1.091100000000001
1704417600,1.091100000000001,1.091200000000001,1.090900000000001,1.091000000000001
1704417900,1.091000000000001,1.091100000000001,1.0907000000000011,1.090800000000001
1704418200,1.090800000000001,1.090900000000001,1.0905000000000011,1.0906000000000011
1704418500,1.0906000000000011,1.0907000000000011,1.0904000000000011,1.0905000000000011
1704418800,1.0905000000000011,1.0906000000000011,1.0902000000000012,1.0903000000000012
1704419100,1.0903000000000012,1.0904000000000011,1.0900000000000012,1.0901000000000012
1704419400,1.0901000000000012,1.0903000000000012,1.0900000000000012,1.0902000000000012
1704419700,1.0902000000000012,1.0905000000000011,1.0901000000000012,1.0904000000000011
1704420000,1.0904000000000011,1.0905000000000011,1.0901000000000012,1.0902000000000012
1704420300,1.0902000000000012,1.0905000000000011,1.0901000000000012,1.0904000000000011
1704420600,1.0904000000000011,1.0906000000000011,1.0903000000000012,1.0905000000000011
1704420900,1.0905000000000011,1.0906000000000011,1.0902000000000012,1.0903000000000012
1704421200,1.0903000000000012,1.0905000000000011,1.0902000000000012,1.0904000000000011
1704421500,1.0904000000000011,1.0905000000000011,1.0902000000000012,1.0903000000000012
1704421800,1.0903000000000012,1.0906000000000011,1.0902000000000012,1.0905000000000011
1704422100,1.0905000000000011,1.0907000000000011,1.0904000000000011,1.0906000000000011
1704422400,1.0906000000000011,1.0907000000000011,1.0903000000000012,1.0904000000000011
1704422700,1.0904000000000011,1.0905000000000011,1.0901000000000012,1.0902000000000012
1704423000,1.0902000000000012,1.0903000000000012,1.0899000000000012,1.0900000000000012
1704423300,1.0900000000000012,1.0901000000000012,1.0897000000000012,1.0898000000000012
1704423600,1.0898000000000012,1.0899000000000012,1.0895000000000012,1.0896000000000012
1704423900,1.0896000000000012,1.0897000000000012,1.0894000000000013,1.0895000000000012
1704424200,1.0895000000000012,1.0898000000000012,1.0894000000000013,1.0897000000000012
1704424500,1.0897000000000012,1.0899000000000012,1.0896000000000012,1.0898000000000012
1704424800,1.0898000000000012,1.0900000000000012,1.0897000000000012,1.0899000000000012
1704425100,1.0899000000000012,1.0902000000000012,1.0898000000000012,1.0901000000000012
1704425400,1.0901000000000012,1.0904000000000011,1.0900000000000012,1.0903000000000012
1704425700,1.0903000000000012,1.0906000000000011,1.0902000000000012,1.0905000000000011
1704426000,1.0905000000000011,1.0907000000000011,1.0904000000000011,1.0906000000000011
1704426300,1.0906000000000011,1.0907000000000011,1.0903000000000012,1.0904000000000011
1704426600,1.0904000000000011,1.0906000000000011,1.0903000000000012,1.0905000000000011
1704426900,1.0905000000000011,1.0906000000000011,1.0903000000000012,1.0904000000000011
1704427200,1.0904000000000011,1.0905000000000011,1.0902000000000012,1.0903000000000012
1704427500,1.0903000000000012,1.0906000000000011,1.0902000000000012,1.0905000000000011
1704427800,1.0905000000000011,1.090800000000001,1.0904000000000011,1.0907000000000011
1704428100,1.0907000000000011,1.090800000000001,1.0904000000000011,1.0905000000000011
1704428400,1.0905000000000011,1.0906000000000011,1.0903000000000012,1.0904000000000011
1704428700,1.0904000000000011,1.0905000000000011,1.0902000000000012,1.0903000000000012
1704429000,1.0903000000000012,1.0904000000000011,1.0901000000000012,1.0902000000000012
1704429300,1.0902000000000012,1.0903000000000012,1.0899000000000012,1.0900000000000012
1704429600,1.0900000000000012,1.0901000000000012,1.0898000000000012,1.0899000000000012
1704429900,1.0899000000000012,1.0900000000000012,1.0897000000000012,1.0898000000000012
1704430200,1.0898000000000012,1.0901000000000012,1.0897000000000012,1.0900000000000012
1704430500,1.0900000000000012,1.0901000000000012,1.0898000000000012,1.0899000000000012
1704430800,1.0899000000000012,1.0901000000000012,1.0898000000000012,1.0900000000000012
1704431100,1.0900000000000012,1.0903000000000012,1.0899000000000012,1.0902000000000012
1704431400,1.0902000000000012,1.0904000000000011,1.0901000000000012,1.0903000000000012
1704431700,1.0903000000000012,1.0906000000000011,1.0902000000000012,1.0905000000000011
1704432000,1.0905000000000011,1.090800000000001,1.0904000000000011,1.0907000000000011
1704432300,1.0907000000000011,1.090800000000001,1.0905000000000011,1.0906000000000011
1704432600,1.0906000000000011,1.090800000000001,1.0905000000000011,1.0907000000000011
1704432900,1.0907000000000011,1.091000000000001,1.0906000000000011,1.090900000000001
1704433200,1.090900000000001,1.091000000000001,1.0906000000000011,1.0907000000000011
1704433500,1.0907000000000011,1.090900000000001,1.0906000000000011,1.090800000000001
1704433800,1.090800000000001,1.091000000000001,1.0907000000000011,1.090900000000001
1704434100,1.090900000000001,1.091200000000001,1.090800000000001,1.091100000000001
1704434400,1.091100000000001,1.091200000000001,1.090900000000001,1.091000000000001
1704434700,1.091000000000001,1.091100000000001,1.090800000000001,1.090900000000001
1704435000,1.090900000000001,1.091000000000001,1.0907000000000011,1.090800000000001
1704435300,1.090800000000001,1.091000000000001,1.0907000000000011,1.090900000000001
1704435600,1.090900000000001,1.091100000000001,1.090800000000001,1.091000000000001
1704435900,1.091000000000001,1.091300000000001,1.090900000000001,1.091200000000001
1704436200,1.091200000000001,1.091300000000001,1.090900000000001,1.091000000000001
1704436500,1.091000000000001,1.091300000000001,1.090900000000001,1.091200000000001
1704436800,1.091200000000001,1.091500000000001,1.091100000000001,1.091400000000001
1704437100,1.091400000000001,1.091600000000001,1.091300000000001,1.091500000000001
1704437400,1.091500000000001,1.091800000000001,1.091400000000001,1.091700000000001
1704437700,1.091700000000001,1.092000000000001,1.091600000000001,1.091900000000001
1704438000,1.091900000000001,1.092000000000001,1.091600000000001,1.091700000000001
1704438300,1.091700000000001,1.092000000000001,1.091600000000001,1.091900000000001
1704438600,1.091900000000001,1.092100000000001,1.091800000000001,1.092000000000001
1704438900,1.092000000000001,1.092300000000001,1.091900000000001,1.092200000000001
1704439200,1.092200000000001,1.092500000000001,1.092100000000001,1.092400000000001
1704439500,1.092400000000001,1.092700000000001,1.092300000000001,1.092600000000001
1704439800,1.092600000000001,1.0929000000000009,1.092500000000001,1.0928000000000009
1704440100,1.0928000000000009,1.0931000000000008,1.092700000000001,1.0930000000000009
1704440400,1.0930000000000009,1.0932000000000008,1.0929000000000009,1.0931000000000008
1704440700,1.0931000000000008,1.0934000000000008,1.0930000000000009,1.0933000000000008
1704441000,1.0933000000000008,1.0936000000000008,1.0932000000000008,1.0935000000000008
1704441300,1.0935000000000008,1.0938000000000008,1.0934000000000008,1.0937000000000008
1704441600,1.0937000000000008,1.0940000000000007,1.0936000000000008,1.0939000000000008
1704441900,1.0939000000000008,1.0942000000000007,1.0938000000000008,1.0941000000000007
1704442200,1.0941000000000007,1.0943000000000007,1.0940000000000007,1.0942000000000007
1704442500,1.0942000000000007,1.0944000000000007,1.0941000000000007,1.0943000000000007
1704442800,1.0943000000000007,1.0944000000000007,1.0940000000000007,1.0941000000000007
1704443100,1.0941000000000007,1.0944000000000007,1.0940000000000007,1.0943000000000007
1704443400,1.0943000000000007,1.0944000000000007,1.0940000000000007,1.0941000000000007
1704443700,1.0941000000000007,1.0944000000000007,1.0940000000000007,1.0943000000000007
1704444000,1.0943000000000007,1.0944000000000007,1.0941000000000007,1.0942000000000007
1704444300,1.0942000000000007,1.0943000000000007,1.0939000000000008,1.0940000000000007
1704444600,1.0940000000000007,1.0941000000000007,1.0938000000000008,1.0939000000000008
1704444900,1.0939000000000008,1.0941000000000007,1.0938000000000008,1.0940000000000007
1704445200,1.0940000000000007,1.0941000000000007,1.0938000000000008,1.0939000000000008
1704445500,1.0939000000000008,1.0942000000000007,1.0938000000000008,1.0941000000000007
1704445800,1.0941000000000007,1.0942000000000007,1.0938000000000008,1.0939000000000008
1704446100,1.0939000000000008,1.0942000000000007,1.0938000000000008,1.0941000000000007
1704446400,1.0941000000000007,1.0942000000000007,1.0939000000000008,1.0940000000000007
1704446700,1.0940000000000007,1.0941000000000007,1.0937000000000008,1.0938000000000008
1704447000,1.0938000000000008,1.0939000000000008,1.0935000000000008,1.0936000000000008
1704447300,1.0936000000000008,1.0938000000000008,1.0935000000000008,1.0937000000000008
1704447600,1.0937000000000008,1.0939000000000008,1.0936000000000008,1.0938000000000008
1704447900,1.0938000000000008,1.0939000000000008,1.0936000000000008,1.0937000000000008
1704448200,1.0937000000000008,1.0938000000000008,1.0935000000000008,1.0936000000000008
1704448500,1.0936000000000008,1.0938000000000008,1.0935000000000008,1.0937000000000008
1704448800,1.0937000000000008,1.0940000000000007,1.0936000000000008,1.0939000000000008
1704449100,1.0939000000000008,1.0940000000000007,1.0936000000000008,1.0937000000000008
1704449400,1.0937000000000008,1.0938000000000008,1.0934000000000008,1.0935000000000008
1704449700,1.0935000000000008,1.0938000000000008,1.0934000000000008,1.0937000000000008
1704450000,1.0937000000000008,1.0938000000000008,1.0934000000000008,1.0935000000000008
1704450300,1.0935000000000008,1.0936000000000008,1.0932000000000008,1.0933000000000008
1704450600,1.0933000000000008,1.0934000000000008,1.0930000000000009,1.0931000000000008
1704450900,1.0931000000000008,1.0934000000000008,1.0930000000000009,1.0933000000000008
1704451200,1.0933000000000008,1.0934000000000008,1.0931000000000008,1.0932000000000008
1704451500,1.0932000000000008,1.0934000000000008,1.0931000000000008,1.0933000000000008
1704451800,1.0933000000000008,1.0935000000000008,1.0932000000000008,1.0934000000000008
1704452100,1.0934000000000008,1.0937000000000008,1.0933000000000008,1.0936000000000008
1704452400,1.0936000000000008,1.0937000000000008,1.0933000000000008,1.0934000000000008
1704452700,1.0934000000000008,1.0937000000000008,1.0933000000000008,1.0936000000000008
1704453000,1.0936000000000008,1.0939000000000008,1.0935000000000008,1.0938000000000008
1704453300,1.0938000000000008,1.0939000000000008,1.0936000000000008,1.0937000000000008
1704453600,1.0937000000000008,1.0938000000000008,1.0935000000000008,1.0936000000000008
1704453900,1.0936000000000008,1.0937000000000008,1.0934000000000008,1.0935000000000008
1704454200,1.0935000000000008,1.0937000000000008,1.0934000000000008,1.0936000000000008
1704454500,1.0936000000000008,1.0939000000000008,1.0935000000000008,1.0938000000000008
1704454800,1.0938000000000008,1.0941000000000007,1.0937000000000008,1.0940000000000007
1704455100,1.0940000000000007,1.0941000000000007,1.0937000000000008,1.0938000000000008
1704455400,1.0938000000000008,1.0939000000000008,1.0936000000000008,1.0937000000000008
1704455700,1.0937000000000008,1.0938000000000008,1.0934000000000008,1.0935000000000008
1704456000,1.0935000000000008,1.0936000000000008,1.0932000000000008,1.0933000000000008
1704456300,1.0933000000000008,1.0934000000000008,1.0930000000000009,1.0931000000000008
1704456600,1.0931000000000008,1.0933000000000008,1.0930000000000009,1.0932000000000008
1704456900,1.0932000000000008,1.0933000000000008,1.0929000000000009,1.0930000000000009
1704457200,1.0930000000000009,1.0932000000000008,1.0929000000000009,1.0931000000000008
1704457500,1.0931000000000008,1.0932000000000008,1.0929000000000009,1.0930000000000009
1704457800,1.0930000000000009,1.0932000000000008,1.0929000000000009,1.0931000000000008
1704458100,1.0931000000000008,1.0934000000000008,1.0930000000000009,1.0933000000000008
1704458400,1.0933000000000008,1.0935000000000008,1.0932000000000008,1.0934000000000008
1704458700,1.0934000000000008,1.0935000000000008,1.0932000000000008,1.0933000000000008
1704459000,1.0933000000000008,1.0934000000000008,1.0930000000000009,1.0931000000000008
1704459300,1.0931000000000008,1.0934000000000008,1.0930000000000009,1.0933000000000008
1704459600,1.0933000000000008,1.0935000000000008,1.0932000000000008,1.0934000000000008
1704459900,1.0934000000000008,1.0936000000000008,1.0933000000000008,1.0935000000000008
1704460200,1.0935000000000008,1.0936000000000008,1.0932000000000008,1.0933000000000008
1704460500,1.0933000000000008,1.0936000000000008,1.0932000000000008,1.0935000000000008
1704460800,1.0935000000000008,1.0938000000000008,1.0934000000000008,1.0937000000000008
1704461100,1.0937000000000008,1.0940000000000007,1.0936000000000008,1.0939000000000008
1704461400,1.0939000000000008,1.0940000000000007,1.0937000000000008,1.0938000000000008
1704461700,1.0938000000000008,1.0939000000000008,1.0935000000000008,1.0936000000000008
1704462000,1.0936000000000008,1.0937000000000008,1.0934000000000008,1.0935000000000008
1704462300,1.0935000000000008,1.0937000000000008,1.0934000000000008,1.0936000000000008
1704462600,1.0936000000000008,1.0938000000000008,1.0935000000000008,1.0937000000000008
1704462900,1.0937000000000008,1.0938000000000008,1.0934000000000008,1.0935000000000008
1704463200,1.0935000000000008,1.0937000000000008,1.0934000000000008,1.0936000000000008
1704463500,1.0936000000000008,1.0937000000000008,1.0933000000000008,1.0934000000000008
1704463800,1.0934000000000008,1.0937000000000008,1.0933000000000008,1.0936000000000008
1704464100,1.0936000000000008,1.0939000000000008,1.0935000000000008,1.0938000000000008
1704464400,1.0938000000000008,1.0940000000000007,1.0937000000000008,1.0939000000000008
1704464700,1.0939000000000008,1.0940000000000007,1.0937000000000008,1.0938000000000008
1704465000,1.0938000000000008,1.0940000000000007,1.0937000000000008,1.0939000000000008
1704465300,1.0939000000000008,1.0940000000000007,1.0936000000000008,1.0937000000000008
1704465600,1.0937000000000008,1.0938000000000008,1.0934000000000008,1.0935000000000008
1704465900,1.0935000000000008,1.0936000000000008,1.0933000000000008,1.0934000000000008
1704466200,1.0934000000000008,1.0937000000000008,1.0933000000000008,1.0936000000000008
1704466500,1.0936000000000008,1.0937000000000008,1.0933000000000008,1.0934000000000008
1704466800,1.0934000000000008,1.0935000000000008,1.0931000000000008,1.0932000000000008
1704467100,1.0932000000000008,1.0934000000000008,1.0931000000000008,1.0933000000000008
1704467400,1.0933000000000008,1.0935000000000008,1.0932000000000008,1.0934000000000008
1704467700,1.0934000000000008,1.0935000000000008,1.0932000000000008,1.0933000000000008
1704468000,1.0933000000000008,1.0934000000000008,1.0930000000000009,1.0931000000000008
1704468300,1.0931000000000008,1.0932000000000008,1.0928000000000009,1.0929000000000009
1704468600,1.0929000000000009,1.0931000000000008,1.0928000000000009,1.0930000000000009
1704468900,1.0930000000000009,1.0931000000000008,1.0928000000000009,1.0929000000000009
1704469200,1.0929000000000009,1.0931000000000008,1.0928000000000009,1.0930000000000009
1704469500,1.0930000000000009,1.0932000000000008,1.0929000000000009,1.0931000000000008
1704469800,1.0931000000000008,1.0932000000000008,1.0928000000000009,1.0929000000000009
1704470100,1.0929000000000009,1.0930000000000009,1.092700000000001,1.0928000000000009
1704470400,1.0928000000000009,1.0930000000000009,1.092700000000001,1.0929000000000009
1704470700,1.0929000000000009,1.0930000000000009,1.092700000000001,1.0928000000000009
1704471000,1.0928000000000009,1.0930000000000009,1.092700000000001,1.0929000000000009
1704471300,1.0929000000000009,1.0930000000000009,1.092700000000001,1.0928000000000009
1704471600,1.0928000000000009,1.0931000000000008,1.092700000000001,1.0930000000000009
1704471900,1.0930000000000009,1.0932000000000008,1.0929000000000009,1.0931000000000008
1704472200,1.0931000000000008,1.0934000000000008,1.0930000000000009,1.0933000000000008
1704472500,1.0933000000000008,1.0935000000000008,1.0932000000000008,1.0934000000000008
1704472800,1.0934000000000008,1.0936000000000008,1.0933000000000008,1.0935000000000008
1704473100,1.0935000000000008,1.0938000000000008,1.0934000000000008,1.0937000000000008
1704473400,1.0937000000000008,1.0938000000000008,1.0934000000000008,1.0935000000000008
1704473700,1.0935000000000008,1.0938000000000008,1.0934000000000008,1.0937000000000008
1704474000,1.0937000000000008,1.0938000000000008,1.0935000000000008,1.0936000000000008
1704474300,1.0936000000000008,1.0937000000000008,1.0934000000000008,1.0935000000000008
1704474600,1.0935000000000008,1.0937000000000008,1.0934000000000008,1.0936000000000008
1704474900,1.0936000000000008,1.0938000000000008,1.0935000000000008,1.0937000000000008
1704475200,1.0937000000000008,1.0940000000000007,1.0936000000000008,1.0939000000000008
1704475500,1.0939000000000008,1.0941000000000007,1.0938000000000008,1.0940000000000007
1704475800,1.0940000000000007,1.0943000000000007,1.0939000000000008,1.0942000000000007
1704476100,1.0942000000000007,1.0943000000000007,1.0940000000000007,1.0941000000000007
1704476400,1.0941000000000007,1.0942000000000007,1.0939000000000008,1.0940000000000007
1704476700,1.0940000000000007,1.0941000000000007,1.0938000000000008,1.0939000000000008
1704477000,1.0939000000000008,1.0941000000000007,1.0938000000000008,1.0940000000000007
1704477300,1.0940000000000007,1.0941000000000007,1.0937000000000008,1.0938000000000008
1704477600,1.0938000000000008,1.0939000000000008,1.0936000000000008,1.0937000000000008
1704477900,1.0937000000000008,1.0940000000000007,1.0936000000000008,1.0939000000000008
1704478200,1.0939000000000008,1.0941000000000007,1.0938000000000008,1.0940000000000007
1704478500,1.0940000000000007,1.0943000000000007,1.0939000000000008,1.0942000000000007
1704478800,1.0942000000000007,1.0944000000000007,1.0941000000000007,1.0943000000000007
1704479100,1.0943000000000007,1.0944000000000007,1.0940000000000007,1.0941000000000007
1704479400,1.0941000000000007,1.0942000000000007,1.0938000000000008,1.0939000000000008
1704479700,1.0939000000000008,1.0940000000000007,1.0937000000000008,1.0938000000000008
1704480000,1.0938000000000008,1.0940000000000007,1.0937000000000008,1.0939000000000008
1704480300,1.0939000000000008,1.0942000000000007,1.0938000000000008,1.0941000000000007
1704480600,1.0941000000000007,1.0944000000000007,1.0940000000000007,1.0943000000000007
1704480900,1.0943000000000007,1.0944000000000007,1.0940000000000007,1.0941000000000007
1704481200,1.0941000000000007,1.0942000000000007,1.0939000000000008,1.0940000000000007
1704481500,1.0940000000000007,1.0941000000000007,1.0938000000000008,1.0939000000000008
1704481800,1.0939000000000008,1.0941000000000007,1.0938000000000008,1.0940000000000007
1704482100,1.0940000000000007,1.0942000000000007,1.0939000000000008,1.0941000000000007
1704482400,1.0941000000000007,1.0943000000000007,1.0940000000000007,1.0942000000000007
1704482700,1.0942000000000007,1.0943000000000007,1.0940000000000007,1.0941000000000007
1704483000,1.0941000000000007,1.0944000000000007,1.0940000000000007,1.0943000000000007
1704483300,1.0943000000000007,1.0946000000000007,1.0942000000000007,1.0945000000000007
1704483600,1.0945000000000007,1.0946000000000007,1.0943000000000007,1.0944000000000007
1704483900,1.0944000000000007,1.0945000000000007,1.0941000000000007,1.0942000000000007
1704484200,1.0942000000000007,1.0943000000000007,1.0939000000000008,1.0940000000000007
1704484500,1.0940000000000007,1.0942000000000007,1.0939000000000008,1.0941000000000007
1704484800,1.0941000000000007,1.0942000000000007,1.0939000000000008,1.0940000000000007
1704485100,1.0940000000000007,1.0941000000000007,1.0937000000000008,1.0938000000000008
1704485400,1.0938000000000008,1.0941000000000007,1.0937000000000008,1.0940000000000007
1704485700,1.0940000000000007,1.0941000000000007,1.0937000000000008,1.0938000000000008
1704486000,1.0938000000000008,1.0939000000000008,1.0936000000000008,1.0937000000000008
1704486300,1.0937000000000008,1.0938000000000008,1.0934000000000008,1.0935000000000008
1704486600,1.0935000000000008,1.0938000000000008,1.0934000000000008,1.0937000000000008
1704486900,1.0937000000000008,1.0938000000000008,1.0935000000000008,1.0936000000000008
1704487200,1.0936000000000008,1.0937000000000008,1.0933000000000008,1.0934000000000008
1704487500,1.0934000000000008,1.0937000000000008,1.0933000000000008,1.0936000000000008
1704487800,1.0936000000000008,1.0937000000000008,1.0933000000000008,1.0934000000000008
1704488100,1.0934000000000008,1.0935000000000008,1.0931000000000008,1.0932000000000008
1704488400,1.0932000000000008,1.0935000000000008,1.0931000000000008,1.0934000000000008
1704488700,1.0934000000000008,1.0936000000000008,1.0933000000000008,1.0935000000000008
1704489000,1.0935000000000008,1.0936000000000008,1.0933000000000008,1.0934000000000008
1704489300,1.0934000000000008,1.0935000000000008,1.0931000000000008,1.0932000000000008
1704489600,1.0932000000000008,1.0935000000000008,1.0931000000000008,1.0934000000000008
1704489900,1.0934000000000008,1.0937000000000008,1.0933000000000008,1.0936000000000008
1704490200,1.0936000000000008,1.0937000000000008,1.0933000000000008,1.0934000000000008
1704490500,1.0934000000000008,1.0935000000000008,1.0932000000000008,1.0933000000000008
1704490800,1.0933000000000008,1.0934000000000008,1.0931000000000008,1.0932000000000008
1704491100,1.0932000000000008,1.0935000000000008,1.0931000000000008,1.0934000000000008
1704491400,1.0934000000000008,1.0936000000000008,1.0933000000000008,1.0935000000000008
1704491700,1.0935000000000008,1.0936000000000008,1.0932000000000008,1.0933000000000008
1704492000,1.0933000000000008,1.0935000000000008,1.0932000000000008,1.0934000000000008
1704492300,1.0934000000000008,1.0935000000000008,1.0932000000000008,1.0933000000000008
1704492600,1.0933000000000008,1.0934000000000008,1.0931000000000008,1.0932000000000008
1704492900,1.0932000000000008,1.0935000000000008,1.0931000000000008,1.0934000000000008
1704493200,1.0934000000000008,1.0936000000000008,1.0933000000000008,1.0935000000000008
1704493500,1.0935000000000008,1.0936000000000008,1.0933000000000008,1.0934000000000008
1704493800,1.0934000000000008,1.0937000000000008,1.0933000000000008,1.0936000000000008
1704494100,1.0936000000000008,1.0939000000000008,1.0935000000000008,1.0938000000000008
1704494400,1.0938000000000008,1.0940000000000007,1.0937000000000008,1.0939000000000008
1704494700,1.0939000000000008,1.0941000000000007,1.0938000000000008,1.0940000000000007
1704495000,1.0940000000000007,1.0942000000000007,1.0939000000000008,1.0941000000000007
1704495300,1.0941000000000007,1.0944000000000007,1.0940000000000007,1.0943000000000007
1704495600,1.0943000000000007,1.0944000000000007,1.0940000000000007,1.0941000000000007
1704495900,1.0941000000000007,1.0944000000000007,1.0940000000000007,1.0943000000000007
1704496200,1.0943000000000007,1.0946000000000007,1.0942000000000007,1.0945000000000007
1704496500,1.0945000000000007,1.0946000000000007,1.0943000000000007,1.0944000000000007
1704496800,1.0944000000000007,1.0946000000000007,1.0943000000000007,1.0945000000000007
1704497100,1.0945000000000007,1.0948000000000007,1.0944000000000007,1.0947000000000007
1704497400,1.0947000000000007,1.0948000000000007,1.0945000000000007,1.0946000000000007
1704497700,1.0946000000000007,1.0948000000000007,1.0945000000000007,1.0947000000000007
1704498000,1.0947000000000007,1.0948000000000007,1.0944000000000007,1.0945000000000007
1704498300,1.0945000000000007,1.0947000000000007,1.0944000000000007,1.0946000000000007
1704498600,1.0946000000000007,1.0947000000000007,1.0943000000000007,1.0944000000000007
1704498900,1.0944000000000007,1.0945000000000007,1.0941000000000007,1.0942000000000007
1704499200,1.0942000000000007,1.0944000000000007,1.0941000000000007,1.0943000000000007
1704499500,1.0943000000000007,1.0945000000000007,1.0942000000000007,1.0944000000000007
1704499800,1.0944000000000007,1.0946000000000007,1.0943000000000007,1.0945000000000007
1704500100,1.0945000000000007,1.0946000000000007,1.0942000000000007,1.0943000000000007
1704500400,1.0943000000000007,1.0946000000000007,1.0942000000000007,1.0945000000000007
1704500700,1.0945000000000007,1.0947000000000007,1.0944000000000007,1.0946000000000007
1704501000,1.0946000000000007,1.0949000000000007,1.0945000000000007,1.0948000000000007
1704501300,1.0948000000000007,1.0949000000000007,1.0945000000000007,1.0946000000000007
1704501600,1.0946000000000007,1.0949000000000007,1.0945000000000007,1.0948000000000007
1704501900,1.0948000000000007,1.0951000000000006,1.0947000000000007,1.0950000000000006
1704502200,1.0950000000000006,1.0951000000000006,1.0948000000000007,1.0949000000000007
1704502500,1.0949000000000007,1.0950000000000006,1.0946000000000007,1.0947000000000007
1704502800,1.0947000000000007,1.0948000000000007,1.0945000000000007,1.0946000000000007
1704503100,1.0946000000000007,1.0948000000000007,1.0945000000000007,1.0947000000000007
1704503400,1.0947000000000007,1.0948000000000007,1.0944000000000007,1.0945000000000007
1704503700,1.0945000000000007,1.0946000000000007,1.0943000000000007,1.0944000000000007
1704504000,1.0944000000000007,1.0945000000000007,1.0941000000000007,1.0942000000000007
1704504300,1.0942000000000007,1.0944000000000007,1.0941000000000007,1.0943000000000007
1704504600,1.0943000000000007,1.0945000000000007,1.0942000000000007,1.0944000000000007
1704504900,1.0944000000000007,1.0946000000000007,1.0943000000000007,1.0945000000000007
1704505200,1.0945000000000007,1.0947000000000007,1.0944000000000007,1.0946000000000007
1704505500,1.0946000000000007,1.0948000000000007,1.0945000000000007,1.0947000000000007
1704505800,1.0947000000000007,1.0948000000000007,1.0944000000000007,1.0945000000000007
1704506100,1.0945000000000007,1.0946000000000007,1.0943000000000007,1.0944000000000007
1704506400,1.0944000000000007,1.0945000000000007,1.0941000000000007,1.0942000000000007
1704506700,1.0942000000000007,1.0943000000000007,1.0940000000000007,1.0941000000000007
1704507000,1.0941000000000007,1.0942000000000007,1.0938000000000008,1.0939000000000008
1704507300,1.0939000000000008,1.0942000000000007,1.0938000000000008,1.0941000000000007
1704507600,1.0941000000000007,1.0943000000000007,1.0940000000000007,1.0942000000000007
1704507900,1.0942000000000007,1.0943000000000007,1.0939000000000008,1.0940000000000007
1704508200,1.0940000000000007,1.0942000000000007,1.0939000000000008,1.0941000000000007
1704508500,1.0941000000000007,1.0942000000000007,1.0938000000000008,1.0939000000000008
1704508800,1.0939000000000008,1.0941000000000007,1.0938000000000008,1.0940000000000007
1704509100,1.0940000000000007,1.0941000000000007,1.0938000000000008,1.0939000000000008
1704509400,1.0939000000000008,1.0941000000000007,1.0938000000000008,1.0940000000000007
1704509700,1.0940000000000007,1.0943000000000007,1.0939000000000008,1.0942000000000007
1704510000,1.0942000000000007,1.0943000000000007,1.0939000000000008,1.0940000000000007
1704510300,1.0940000000000007,1.0941000000000007,1.0938000000000008,1.0939000000000008
1704510600,1.0939000000000008,1.0940000000000007,1.0937000000000008,1.0938000000000008
1704510900,1.0938000000000008,1.0939000000000008,1.0936000000000008,1.0937000000000008
1704511200,1.0937000000000008,1.0938000000000008,1.0934000000000008,1.0935000000000008
1704511500,1.0935000000000008,1.0937000000000008,1.0934000000000008,1.0936000000000008
1704511800,1.0936000000000008,1.0938000000000008,1.0935000000000008,1.0937000000000008
1704512100,1.0937000000000008,1.0938000000000008,1.0934000000000008,1.0935000000000008
1704512400,1.0935000000000008,1.0937000000000008,1.0934000000000008,1.0936000000000008
1704512700,1.0936000000000008,1.0937000000000008,1.0934000000000008,1.0935000000000008
1704513000,1.0935000000000008,1.0938000000000008,1.0934000000000008,1.0937000000000008
1704513300,1.0937000000000008,1.0939000000000008,1.0936000000000008,1.0938000000000008
1704513600,1.0938000000000008,1.0939000000000008,1.0936000000000008,1.0937000000000008
1704513900,1.0937000000000008,1.0938000000000008,1.0935000000000008,1.0936000000000008
1704514200,1.0936000000000008,1.0937000000000008,1.0934000000000008,1.0935000000000008
1704514500,1.0935000000000008,1.0936000000000008,1.0933000000000008,1.0934000000000008
1704514800,1.0934000000000008,1.0936000000000008,1.0933000000000008,1.0935000000000008
1704515100,1.0935000000000008,1.0936000000000008,1.0932000000000008,1.0933000000000008
1704515400,1.0933000000000008,1.0934000000000008,1.0931000000000008,1.0932000000000008
1704515700,1.0932000000000008,1.0933000000000008,1.0929000000000009,1.0930000000000009
1704516000,1.0930000000000009,1.0933000000000008,1.0929000000000009,1.0932000000000008
1704516300,1.0932000000000008,1.0934000000000008,1.0931000000000008,1.0933000000000008
1704516600,1.0933000000000008,1.0935000000000008,1.0932000000000008,1.0934000000000008
1704516900,1.0934000000000008,1.0937000000000008,1.0933000000000008,1.0936000000000008
